t1,d1,v1,u,u_max
0,9.354965e-01,0,0,3.420924e+01
1.000000e-02,9.354109e-01,-1.710662e-02,0,3.346163e+01
2.000000e-02,9.351546e-01,-3.414481e-02,0,3.271075e+01
3.000000e-02,9.347284e-01,-5.105860e-02,0,3.195908e+01
4.000000e-02,9.341340e-01,-6.779521e-02,0,3.120896e+01
5.000000e-02,9.333733e-01,-8.430626e-02,0,3.046259e+01
6.000000e-02,9.324488e-01,-1.005490e-01,0,2.972189e+01
7.000000e-02,9.313633e-01,-1.164872e-01,0,2.898857e+01
8.000000e-02,9.301201e-01,-1.320923e-01,0,2.826398e+01
9.000000e-02,9.287226e-01,-1.473437e-01,0,2.754913e+01
1.000000e-01,9.271745e-01,-1.622293e-01,0,2.684470e+01
1.100000e-01,9.254793e-01,-1.767459e-01,0,2.615094e+01
1.200000e-01,9.236408e-01,-1.908991e-01,0,2.546777e+01
1.300000e-01,9.216625e-01,-2.047030e-01,0,2.479468e+01
1.400000e-01,9.195478e-01,-2.181796e-01,0,2.413085e+01
1.500000e-01,9.172999e-01,-2.313587e-01,0,2.347509e+01
1.600000e-01,9.149215e-01,-2.442765e-01,0,2.282594e+01
1.700000e-01,9.124151e-01,-2.569747e-01,0,2.218166e+01
1.800000e-01,9.097826e-01,-2.694995e-01,0,2.154031e+01
1.900000e-01,9.070255e-01,-2.819005e-01,0,2.089980e+01
2.000000e-01,9.041448e-01,-2.942287e-01,0,2.025794e+01
2.100000e-01,9.011410e-01,-3.065359e-01,0,1.961248e+01
2.200000e-01,8.980140e-01,-3.188729e-01,0,1.896123e+01
2.300000e-01,8.947633e-01,-3.312882e-01,0,1.830204e+01
2.400000e-01,8.913878e-01,-3.438266e-01,0,1.763294e+01
2.500000e-01,8.878862e-01,-3.565282e-01,0,1.695212e+01
2.600000e-01,8.842566e-01,-3.694273e-01,0,1.625802e+01
2.700000e-01,8.804969e-01,-3.825513e-01,0,1.554938e+01
2.800000e-01,8.766048e-01,-3.959203e-01,0,1.482523e+01
2.900000e-01,8.725776e-01,-4.095461e-01,0,1.408497e+01
3.000000e-01,8.684130e-01,-4.234322e-01,0,1.332835e+01
3.100000e-01,8.641081e-01,-4.375737e-01,0,1.255550e+01
3.200000e-01,8.596607e-01,-4.519570e-01,0,1.176690e+01
3.300000e-01,8.550683e-01,-4.665607e-01,0,1.096341e+01
3.400000e-01,8.503288e-01,-4.813557e-01,0,1.014622e+01
3.500000e-01,8.454406e-01,-4.963060e-01,0,9.316835e+00
3.600000e-01,8.404023e-01,-5.113697e-01,0,8.477023e+00
3.700000e-01,8.352130e-01,-5.264999e-01,0,7.628794e+00
3.800000e-01,8.298723e-01,-5.416460e-01,0,6.774334e+00
3.900000e-01,8.243802e-01,-5.567549e-01,0,5.915961e+00
4.000000e-01,8.187375e-01,-5.717723e-01,0,5.056060e+00
4.100000e-01,8.129453e-01,-5.866441e-01,0,4.197032e+00
4.200000e-01,8.070053e-01,-6.013175e-01,0,3.341231e+00
4.300000e-01,8.009197e-01,-6.157427e-01,0,2.490909e+00
4.400000e-01,7.946914e-01,-6.298740e-01,0,1.648160e+00
4.500000e-01,7.883234e-01,-6.436705e-01,0,8.148710e-01
4.600000e-01,7.818192e-01,-6.570976e-01,0,-7.321469e-03
4.700000e-01,7.751828e-01,-6.701276e-01,0,-8.170722e-01
4.800000e-01,7.684181e-01,-6.827405e-01,0,-1.613356e+00
4.900000e-01,7.615294e-01,-6.949241e-01,0,-2.395489e+00
5.000000e-01,7.545210e-01,-7.066744e-01,0,-3.163145e+00
5.100000e-01,7.473973e-01,-7.179959e-01,0,-3.916355e+00
5.200000e-01,7.401625e-01,-7.289010e-01,0,-4.655509e+00
5.300000e-01,7.328206e-01,-7.394098e-01,0,-5.381332e+00
5.400000e-01,7.253755e-01,-7.495497e-01,0,-6.094871e+00
5.500000e-01,7.178307e-01,-7.593541e-01,0,-6.797457e+00
5.600000e-01,7.101894e-01,-7.688621e-01,0,-7.490671e+00
5.700000e-01,7.024543e-01,-7.781169e-01,0,-8.176297e+00
5.800000e-01,6.946278e-01,-7.871650e-01,0,-8.856273e+00
5.900000e-01,6.867116e-01,-7.960548e-01,0,-9.532638e+00
6.000000e-01,6.787071e-01,-8.048354e-01,0,-1.020748e+01
6.100000e-01,6.706151e-01,-8.135550e-01,0,-1.088286e+01
6.200000e-01,6.624360e-01,-8.222600e-01,0,-1.156080e+01
6.300000e-01,6.541698e-01,-8.309937e-01,0,-1.224316e+01
6.400000e-01,6.458159e-01,-8.397949e-01,0,-1.293168e+01
6.500000e-01,6.373735e-01,-8.486970e-01,0,-1.362782e+01
6.600000e-01,6.288415e-01,-8.577275e-01,0,-1.433282e+01
6.700000e-01,6.202185e-01,-8.669066e-01,0,-1.504763e+01
6.800000e-01,6.115029e-01,-8.762471e-01,0,-1.577284e+01
6.900000e-01,6.026930e-01,-8.857541e-01,0,-1.650874e+01
7.000000e-01,5.937872e-01,-8.954244e-01,0,-1.725526e+01
7.100000e-01,5.847840e-01,-9.052473e-01,0,-1.801198e+01
7.200000e-01,5.756818e-01,-9.152042e-01,0,-1.877815e+01
7.300000e-01,5.664795e-01,-9.252693e-01,0,-1.955269e+01
7.400000e-01,5.571762e-01,-9.354103e-01,0,-2.033424e+01
7.500000e-01,5.477712e-01,-9.455892e-01,0,-2.112115e+01
7.600000e-01,5.382644e-01,-9.557634e-01,0,-2.191157e+01
7.700000e-01,5.286561e-01,-9.658862e-01,0,-2.270347e+01
7.800000e-01,5.189470e-01,-9.759089e-01,0,-2.349470e+01
7.900000e-01,5.091384e-01,-9.857811e-01,0,-2.428302e+01
8.000000e-01,4.992321e-01,-9.954527e-01,0,-2.506618e+01
8.100000e-01,4.892302e-01,-1.004874e+00,0,-2.584197e+01
8.200000e-01,4.791356e-01,-1.014000e+00,0,-2.660825e+01
8.300000e-01,4.689514e-01,-1.022786e+00,0,-2.736305e+01
8.400000e-01,4.586811e-01,-1.031195e+00,0,-2.810457e+01
8.500000e-01,4.483288e-01,-1.039194e+00,0,-2.883125e+01
8.600000e-01,4.378987e-01,-1.046757e+00,0,-2.954179e+01
8.700000e-01,4.273952e-01,-1.053864e+00,0,-3.023519e+01
8.800000e-01,4.168230e-01,-1.060505e+00,0,-3.091078e+01
8.900000e-01,4.061867e-01,-1.066674e+00,0,-3.156820e+01
9.000000e-01,3.954910e-01,-1.072376e+00,0,-3.220747e+01
9.100000e-01,3.847407e-01,-1.077622e+00,0,-3.282890e+01
9.200000e-01,3.739401e-01,-1.082431e+00,0,-3.343314e+01
9.300000e-01,3.630934e-01,-1.086828e+00,0,-3.402116e+01
9.400000e-01,3.522048e-01,-1.090846e+00,0,-3.459419e+01
9.500000e-01,3.412777e-01,-1.094520e+00,0,-3.515368e+01
9.600000e-01,3.303154e-01,-1.097893e+00,0,-3.570131e+01
9.700000e-01,3.193207e-01,-1.101007e+00,0,-3.623890e+01
9.800000e-01,3.082959e-01,-1.103909e+00,0,-3.676837e+01
9.900000e-01,2.972430e-01,-1.106647e+00,0,-3.729169e+01
1,2.861634e-01,-1.109266e+00,0,-3.781083e+01
1.010000e+00,2.750580e-01,-1.111811e+00,0,-3.832771e+01
1.020000e+00,2.639273e-01,-1.114325e+00,0,-3.884413e+01
1.030000e+00,2.527714e-01,-1.116845e+00,0,-3.936174e+01
1.040000e+00,2.415902e-01,-1.119404e+00,0,-3.988201e+01
1.050000e+00,2.303831e-01,-1.122031e+00,0,-4.040613e+01
1.060000e+00,2.191493e-01,-1.124745e+00,0,-4.093506e+01
1.070000e+00,2.078879e-01,-1.127562e+00,0,-4.146944e+01
1.080000e+00,1.965977e-01,-1.130487e+00,0,-4.200959e+01
1.090000e+00,1.852778e-01,-1.133519e+00,0,-4.255553e+01
1.100000e+00,1.739270e-01,-1.136652e+00,0,-4.310693e+01
1.110000e+00,1.625445e-01,-1.139869e+00,0,-4.366315e+01
1.120000e+00,1.511294e-01,-1.143147e+00,0,-4.422326e+01
1.130000e+00,1.396814e-01,-1.146459e+00,0,-4.478603e+01
1.140000e+00,1.282003e-01,-1.149771e+00,0,-4.534999e+01
1.150000e+00,1.166861e-01,-1.153043e+00,0,-4.591345e+01
1.160000e+00,1.051397e-01,-1.156234e+00,0,-4.647455e+01
1.170000e+00,9.356188e-02,-1.159299e+00,0,-4.703132e+01
1.180000e+00,8.195427e-02,-1.162192e+00,0,-4.758169e+01
1.190000e+00,7.031877e-02,-1.164867e+00,0,-4.812358e+01
1.200000e+00,5.865781e-02,-1.167278e+00,0,-4.865494e+01
1.210000e+00,4.697423e-02,-1.169383e+00,0,-4.917379e+01
1.220000e+00,3.527131e-02,-1.171141e+00,0,-4.967826e+01
1.230000e+00,2.355268e-02,-1.172518e+00,0,-5.016670e+01
1.240000e+00,1.182233e-02,-1.173482e+00,0,-5.063762e+01
1.250000e+00,8.449784e-05,-1.174010e+00,0,-5.108981e+01
1.260000e+00,-1.165635e-02,-1.174083e+00,-5.000000e-02,-5.152233e+01
1.270000e+00,-2.337109e-02,-1.168790e+00,-5.000000e-02,-5.172036e+01
1.280000e+00,-3.503064e-02,-1.163047e+00,-5.000000e-02,-5.189680e+01
1.290000e+00,-4.663060e-02,-1.156874e+00,-5.000000e-02,-5.205236e+01
1.300000e+00,-5.816678e-02,-1.150298e+00,-5.000000e-02,-5.218800e+01
1.310000e+00,-6.963531e-02,-1.143349e+00,-5.000000e-02,-5.230497e+01
1.320000e+00,-8.103264e-02,-1.136064e+00,-5.000000e-02,-5.240471e+01
1.330000e+00,-9.235561e-02,-1.128484e+00,-5.000000e-02,-5.248888e+01
1.340000e+00,-1.036015e-01,-1.120651e+00,-5.000000e-02,-5.255924e+01
1.350000e+00,-1.147679e-01,-1.112611e+00,-5.000000e-02,-5.261768e+01
1.360000e+00,-1.258532e-01,-1.104410e+00,-5.000000e-02,-5.266612e+01
1.370000e+00,-1.368558e-01,-1.096092e+00,-5.000000e-02,-5.270646e+01
1.380000e+00,-1.477748e-01,-1.087701e+00,-5.000000e-02,-5.274058e+01
1.390000e+00,-1.586097e-01,-1.079278e+00,-5.000000e-02,-5.277022e+01
1.400000e+00,-1.693603e-01,-1.070860e+00,-5.000000e-02,-5.279701e+01
1.410000e+00,-1.800270e-01,-1.062480e+00,-5.000000e-02,-5.282235e+01
1.420000e+00,-1.906102e-01,-1.054164e+00,-5.000000e-02,-5.284745e+01
1.430000e+00,-2.011106e-01,-1.045934e+00,-5.000000e-02,-5.287325e+01
1.440000e+00,-2.115292e-01,-1.037804e+00,-5.000000e-02,-5.290041e+01
1.450000e+00,-2.218670e-01,-1.029781e+00,-5.000000e-02,-5.292929e+01
1.460000e+00,-2.321251e-01,-1.021866e+00,-5.000000e-02,-5.295998e+01
1.470000e+00,-2.423047e-01,-1.014054e+00,-5.000000e-02,-5.299221e+01
1.480000e+00,-2.524065e-01,-1.006329e+00,-5.000000e-02,-5.302545e+01
1.490000e+00,-2.624315e-01,-9.986742e-01,-5.000000e-02,-5.305890e+01
1.500000e+00,-2.723801e-01,-9.910628e-01,-5.000000e-02,-5.309145e+01
1.510000e+00,-2.822528e-01,-9.834648e-01,-5.000000e-02,-5.312181e+01
1.520000e+00,-2.920494e-01,-9.758455e-01,-5.000000e-02,-5.314846e+01
1.530000e+00,-3.017695e-01,-9.681669e-01,-5.000000e-02,-5.316973e+01
1.540000e+00,-3.114124e-01,-9.603888e-01,-5.000000e-02,-5.318385e+01
1.550000e+00,-3.209768e-01,-9.524697e-01,-5.000000e-02,-5.318896e+01
1.560000e+00,-3.304612e-01,-9.443680e-01,-5.000000e-02,-5.318320e+01
1.570000e+00,-3.398634e-01,-9.360432e-01,-5.000000e-02,-5.316472e+01
1.580000e+00,-3.491811e-01,-9.274567e-01,-5.000000e-02,-5.313177e+01
1.590000e+00,-3.584116e-01,-9.185732e-01,-5.000000e-02,-5.308270e+01
1.600000e+00,-3.675515e-01,-9.093614e-01,-5.000000e-02,-5.301603e+01
1.610000e+00,-3.765976e-01,-8.997948e-01,-5.000000e-02,-5.293049e+01
1.620000e+00,-3.855462e-01,-8.898524e-01,-5.000000e-02,-5.282503e+01
1.630000e+00,-3.943933e-01,-8.795198e-01,-5.000000e-02,-5.269888e+01
1.640000e+00,-4.031352e-01,-8.687885e-01,-5.000000e-02,-5.255152e+01
1.650000e+00,-4.117678e-01,-8.576573e-01,-5.000000e-02,-5.238277e+01
1.660000e+00,-4.202871e-01,-8.461317e-01,-5.000000e-02,-5.219271e+01
1.670000e+00,-4.286891e-01,-8.342237e-01,-5.000000e-02,-5.198172e+01
1.680000e+00,-4.369703e-01,-8.219521e-01,-5.000000e-02,-5.175049e+01
1.690000e+00,-4.451271e-01,-8.093415e-01,-5.000000e-02,-5.149995e+01
1.700000e+00,-4.531561e-01,-7.964219e-01,-5.000000e-02,-5.123130e+01
1.710000e+00,-4.610546e-01,-7.832279e-01,-5.000000e-02,-5.094592e+01
1.720000e+00,-4.688199e-01,-7.697980e-01,-5.000000e-02,-5.064542e+01
1.730000e+00,-4.764499e-01,-7.561734e-01,-5.000000e-02,-5.033149e+01
1.740000e+00,-4.839429e-01,-7.423973e-01,-5.000000e-02,-5.000595e+01
1.750000e+00,-4.912975e-01,-7.285134e-01,-5.000000e-02,-4.967067e+01
1.760000e+00,-4.985129e-01,-7.145654e-01,-5.000000e-02,-4.932750e+01
1.770000e+00,-5.055887e-01,-7.005953e-01,-5.000000e-02,-4.897827e+01
1.780000e+00,-5.125249e-01,-6.866429e-01,-5.000000e-02,-4.862471e+01
1.790000e+00,-5.193217e-01,-6.727445e-01,-5.000000e-02,-4.826840e+01
1.800000e+00,-5.259800e-01,-6.589323e-01,-5.000000e-02,-4.791077e+01
1.810000e+00,-5.325008e-01,-6.452334e-01,-5.000000e-02,-4.755304e+01
1.820000e+00,-5.388852e-01,-6.316692e-01,-5.000000e-02,-4.719620e+01
1.830000e+00,-5.451347e-01,-6.182551e-01,-5.000000e-02,-4.684095e+01
1.840000e+00,-5.512508e-01,-6.050001e-01,-5.000000e-02,-4.648774e+01
1.850000e+00,-5.572352e-01,-5.919065e-01,-5.000000e-02,-4.613675e+01
1.860000e+00,-5.630895e-01,-5.789700e-01,-5.000000e-02,-4.578783e+01
1.870000e+00,-5.688151e-01,-5.661802e-01,-5.000000e-02,-4.544059e+01
1.880000e+00,-5.744135e-01,-5.535203e-01,-5.000000e-02,-4.509436e+01
1.890000e+00,-5.798859e-01,-5.409683e-01,-5.000000e-02,-4.474820e+01
1.900000e+00,-5.852331e-01,-5.284969e-01,-5.000000e-02,-4.440099e+01
1.910000e+00,-5.904560e-01,-5.160750e-01,-5.000000e-02,-4.405138e+01
1.920000e+00,-5.955547e-01,-5.036683e-01,-5.000000e-02,-4.369789e+01
1.930000e+00,-6.005293e-01,-4.912398e-01,-5.000000e-02,-4.333891e+01
1.940000e+00,-6.053793e-01,-4.787517e-01,-5.000000e-02,-4.297278e+01
1.950000e+00,-6.101040e-01,-4.661655e-01,-5.000000e-02,-4.259780e+01
1.960000e+00,-6.147021e-01,-4.534438e-01,-5.000000e-02,-4.221230e+01
1.970000e+00,-6.191723e-01,-4.405508e-01,-5.000000e-02,-4.181466e+01
1.980000e+00,-6.235125e-01,-4.274537e-01,-5.000000e-02,-4.140339e+01
1.990000e+00,-6.277206e-01,-4.141232e-01,-5.000000e-02,-4.097713e+01
2,-6.317941e-01,-4.005344e-01,-5.000000e-02,-4.053470e+01
2.010000e+00,-6.357303e-01,-3.866677e-01,-5.000000e-02,-4.007516e+01
2.020000e+00,-6.395265e-01,-3.725092e-01,-5.000000e-02,-3.959780e+01
2.030000e+00,-6.431795e-01,-3.580510e-01,-5.000000e-02,-3.910217e+01
2.040000e+00,-6.466865e-01,-3.432916e-01,-5.000000e-02,-3.858808e+01
2.050000e+00,-6.500443e-01,-3.282359e-01,-5.000000e-02,-3.805565e+01
2.060000e+00,-6.532502e-01,-3.128952e-01,-5.000000e-02,-3.750525e+01
2.070000e+00,-6.563014e-01,-2.972867e-01,-5.000000e-02,-3.693755e+01
2.080000e+00,-6.591952e-01,-2.814335e-01,-5.000000e-02,-3.635343e+01
2.090000e+00,-6.619293e-01,-2.653637e-01,-5.000000e-02,-3.575406e+01
2.100000e+00,-6.645018e-01,-2.491098e-01,-5.000000e-02,-3.514076e+01
2.110000e+00,-6.669110e-01,-2.327082e-01,-5.000000e-02,-3.451506e+01
2.120000e+00,-6.691556e-01,-2.161978e-01,-5.000000e-02,-3.387861e+01
2.130000e+00,-6.712347e-01,-1.996195e-01,-5.000000e-02,-3.323315e+01
2.140000e+00,-6.731479e-01,-1.830151e-01,-5.000000e-02,-3.258049e+01
2.150000e+00,-6.748951e-01,-1.664260e-01,-5.000000e-02,-3.192242e+01
2.160000e+00,-6.764766e-01,-1.498926e-01,-5.000000e-02,-3.126072e+01
2.170000e+00,-6.778933e-01,-1.334532e-01,-5.000000e-02,-3.059708e+01
2.180000e+00,-6.791461e-01,-1.171429e-01,-5.000000e-02,-2.993307e+01
2.190000e+00,-6.802366e-01,-1.009929e-01,-5.000000e-02,-2.927010e+01
2.200000e+00,-6.811666e-01,-8.502987e-02,-5.000000e-02,-2.860940e+01
2.210000e+00,-6.819379e-01,-6.927529e-02,-5.000000e-02,-2.795197e+01
2.220000e+00,-6.825528e-01,-5.374485e-02,-5.000000e-02,-2.729857e+01
2.230000e+00,-6.830136e-01,-3.844827e-02,-5.000000e-02,-2.664971e+01
2.240000e+00,-6.833226e-01,-2.338906e-02,-5.000000e-02,-2.600563e+01
2.250000e+00,-6.834822e-01,-8.564539e-03,-5.000000e-02,-2.536631e+01
2.260000e+00,-6.834947e-01,6.034003e-03,0,-2.473143e+01
2.270000e+00,-6.833867e-01,1.552034e-02,0,-2.431464e+01
2.280000e+00,-6.831848e-01,2.483452e-02,0,-2.390190e+01
2.290000e+00,-6.828905e-01,3.401702e-02,0,-2.349152e+01
2.300000e+00,-6.825048e-01,4.311140e-02,0,-2.308163e+01
2.310000e+00,-6.820284e-01,5.216315e-02,0,-2.267027e+01
2.320000e+00,-6.814615e-01,6.121848e-02,0,-2.225546e+01
2.330000e+00,-6.808038e-01,7.032306e-02,0,-2.183518e+01
2.340000e+00,-6.800547e-01,7.952079e-02,0,-2.140750e+01
2.350000e+00,-6.792130e-01,8.885270e-02,0,-2.097059e+01
2.360000e+00,-6.782771e-01,9.835579e-02,0,-2.052279e+01
2.370000e+00,-6.772452e-01,1.080621e-01,0,-2.006264e+01
2.380000e+00,-6.761151e-01,1.179978e-01,0,-1.958891e+01
2.390000e+00,-6.748844e-01,1.281826e-01,0,-1.910067e+01
2.400000e+00,-6.735506e-01,1.386291e-01,0,-1.859726e+01
2.410000e+00,-6.721109e-01,1.493425e-01,0,-1.807837e+01
2.420000e+00,-6.705628e-01,1.603204e-01,0,-1.754400e+01
2.430000e+00,-6.689037e-01,1.715530e-01,0,-1.699448e+01
2.440000e+00,-6.671310e-01,1.830232e-01,0,-1.643047e+01
2.450000e+00,-6.652425e-01,1.947070e-01,0,-1.585294e+01
2.460000e+00,-6.632362e-01,2.065740e-01,0,-1.526312e+01
2.470000e+00,-6.611105e-01,2.185885e-01,0,-1.466252e+01
2.480000e+00,-6.588641e-01,2.307101e-01,0,-1.405284e+01
2.490000e+00,-6.564961e-01,2.428948e-01,0,-1.343597e+01
2.500000e+00,-6.540062e-01,2.550961e-01,0,-1.281391e+01
2.510000e+00,-6.513943e-01,2.672661e-01,0,-1.218877e+01
2.520000e+00,-6.486611e-01,2.793567e-01,0,-1.156263e+01
2.530000e+00,-6.458076e-01,2.913210e-01,0,-1.093760e+01
2.540000e+00,-6.428352e-01,3.031142e-01,0,-1.031567e+01
2.550000e+00,-6.397460e-01,3.146948e-01,0,-9.698715e+00
2.560000e+00,-6.365422e-01,3.260255e-01,0,-9.088444e+00
2.570000e+00,-6.332264e-01,3.370744e-01,0,-8.486345e+00
2.580000e+00,-6.298017e-01,3.478155e-01,0,-7.893659e+00
2.590000e+00,-6.262712e-01,3.582293e-01,0,-7.311346e+00
2.600000e+00,-6.226383e-01,3.683035e-01,0,-6.740069e+00
2.610000e+00,-6.189063e-01,3.780328e-01,0,-6.180179e+00
2.620000e+00,-6.150788e-01,3.874195e-01,0,-5.631704e+00
2.630000e+00,-6.111590e-01,3.964730e-01,0,-5.094358e+00
2.640000e+00,-6.071504e-01,4.052097e-01,0,-4.567548e+00
2.650000e+00,-6.030558e-01,4.136523e-01,0,-4.050397e+00
2.660000e+00,-5.988782e-01,4.218294e-01,0,-3.541761e+00
2.670000e+00,-5.946200e-01,4.297746e-01,0,-3.040272e+00
2.680000e+00,-5.902833e-01,4.375256e-01,0,-2.544367e+00
2.690000e+00,-5.858700e-01,4.451230e-01,0,-2.052339e+00
2.700000e+00,-5.813813e-01,4.526097e-01,0,-1.562376e+00
2.710000e+00,-5.768180e-01,4.600290e-01,0,-1.072617e+00
2.720000e+00,-5.721808e-01,4.674243e-01,0,-5.811982e-01
2.730000e+00,-5.674695e-01,4.748373e-01,0,-8.630302e-02
2.740000e+00,-5.626838e-01,4.823072e-01,0,4.137867e-01
2.750000e+00,-5.578230e-01,4.898695e-01,0,9.206462e-01
2.760000e+00,-5.528860e-01,4.975552e-01,0,1.435665e+00
2.770000e+00,-5.478714e-01,5.053900e-01,0,1.960011e+00
2.780000e+00,-5.427777e-01,5.133936e-01,0,2.494594e+00
2.790000e+00,-5.376029e-01,5.215789e-01,0,3.040050e+00
2.800000e+00,-5.323454e-01,5.299522e-01,0,3.596713e+00
2.810000e+00,-5.270033e-01,5.385126e-01,0,4.164612e+00
2.820000e+00,-5.215746e-01,5.472520e-01,0,4.743466e+00
2.830000e+00,-5.160577e-01,5.561556e-01,0,5.332694e+00
2.840000e+00,-5.104510e-01,5.652021e-01,0,5.931421e+00
2.850000e+00,-5.047533e-01,5.743641e-01,0,6.538507e+00
2.860000e+00,-4.989635e-01,5.836090e-01,0,7.152569e+00
2.870000e+00,-4.930809e-01,5.928999e-01,0,7.772019e+00
2.880000e+00,-4.871054e-01,6.021961e-01,0,8.395102e+00
2.890000e+00,-4.810371e-01,6.114546e-01,0,9.019937e+00
2.900000e+00,-4.748766e-01,6.206309e-01,0,9.644567e+00
2.910000e+00,-4.686249e-01,6.296802e-01,0,1.026701e+01
2.920000e+00,-4.622836e-01,6.385586e-01,0,1.088528e+01
2.930000e+00,-4.558545e-01,6.472241e-01,0,1.149750e+01
2.940000e+00,-4.493399e-01,6.556375e-01,0,1.210188e+01
2.950000e+00,-4.427427e-01,6.637638e-01,0,1.269678e+01
2.960000e+00,-4.360657e-01,6.715725e-01,0,1.328078e+01
2.970000e+00,-4.293124e-01,6.790389e-01,0,1.385268e+01
2.980000e+00,-4.224862e-01,6.861442e-01,0,1.441152e+01
2.990000e+00,-4.155907e-01,6.928763e-01,0,1.495665e+01
3,-4.086299e-01,6.992298e-01,0,1.548770e+01
3.010000e+00,-4.016074e-01,7.052064e-01,0,1.600460e+01
3.020000e+00,-3.945270e-01,7.108142e-01,0,1.650757e+01
3.030000e+00,-3.873923e-01,7.160684e-01,0,1.699714e+01
3.040000e+00,-3.802067e-01,7.209900e-01,0,1.747409e+01
3.050000e+00,-3.729735e-01,7.256056e-01,0,1.793946e+01
3.060000e+00,-3.656955e-01,7.299466e-01,0,1.839452e+01
3.070000e+00,-3.583754e-01,7.340483e-01,0,1.884071e+01
3.080000e+00,-3.510152e-01,7.379493e-01,0,1.927963e+01
3.090000e+00,-3.436169e-01,7.416900e-01,0,1.971297e+01
3.100000e+00,-3.361818e-01,7.453118e-01,0,2.014247e+01
3.110000e+00,-3.287109e-01,7.488559e-01,0,2.056990e+01
3.120000e+00,-3.212048e-01,7.523622e-01,0,2.099699e+01
3.130000e+00,-3.136637e-01,7.558687e-01,0,2.142535e+01
3.140000e+00,-3.060874e-01,7.594097e-01,0,2.185651e+01
3.150000e+00,-2.984753e-01,7.630157e-01,0,2.229180e+01
3.160000e+00,-2.908267e-01,7.667120e-01,0,2.273236e+01
3.170000e+00,-2.831407e-01,7.705186e-01,0,2.317908e+01
3.180000e+00,-2.754160e-01,7.744492e-01,0,2.363262e+01
3.190000e+00,-2.676513e-01,7.785112e-01,0,2.409333e+01
3.200000e+00,-2.598453e-01,7.827051e-01,0,2.456130e+01
3.210000e+00,-2.519967e-01,7.870252e-01,0,2.503632e+01
3.220000e+00,-2.441044e-01,7.914589e-01,0,2.551788e+01
3.230000e+00,-2.361672e-01,7.959877e-01,0,2.600522e+01
3.240000e+00,-2.281844e-01,8.005873e-01,0,2.649731e+01
3.250000e+00,-2.201554e-01,8.052285e-01,0,2.699290e+01
3.260000e+00,-2.120798e-01,8.098776e-01,0,2.749054e+01
3.270000e+00,-2.039579e-01,8.144976e-01,0,2.798860e+01
3.280000e+00,-1.957901e-01,8.190490e-01,0,2.848536e+01
3.290000e+00,-1.875773e-01,8.234909e-01,0,2.897900e+01
3.300000e+00,-1.793208e-01,8.277819e-01,0,2.946767e+01
3.310000e+00,-1.710223e-01,8.318811e-01,0,2.994952e+01
3.320000e+00,-1.626839e-01,8.357496e-01,0,3.042280e+01
3.330000e+00,-1.543082e-01,8.393508e-01,0,3.088580e+01
3.340000e+00,-1.458979e-01,8.426519e-01,0,3.133701e+01
3.350000e+00,-1.374562e-01,8.456244e-01,0,3.177507e+01
3.360000e+00,-1.289866e-01,8.482449e-01,0,3.219883e+01
3.370000e+00,-1.204926e-01,8.504957e-01,0,3.260740e+01
3.380000e+00,-1.119780e-01,8.523653e-01,0,3.300013e+01
3.390000e+00,-1.034466e-01,8.538484e-01,0,3.337665e+01
3.400000e+00,-9.490227e-02,8.549463e-01,0,3.373688e+01
3.410000e+00,-8.634890e-02,8.556668e-01,0,3.408101e+01
3.420000e+00,-7.779015e-02,8.560238e-01,0,3.440952e+01
3.430000e+00,-6.922957e-02,8.560369e-01,0,3.472314e+01
3.440000e+00,-6.067047e-02,8.557313e-01,0,3.502283e+01
3.450000e+00,-5.211591e-02,8.551366e-01,0,3.530977e+01
3.460000e+00,-4.356859e-02,8.542863e-01,0,3.558532e+01
3.470000e+00,-3.503091e-02,8.532170e-01,0,3.585099e+01
3.480000e+00,-2.650486e-02,8.519672e-01,0,3.610838e+01
3.490000e+00,-1.799204e-02,8.505765e-01,0,3.635915e+01
3.500000e+00,-9.493664e-03,8.490843e-01,0,3.660499e+01
3.510000e+00,-1.010558e-03,8.475294e-01,0,3.684753e+01
3.520000e+00,7.456838e-03,8.459484e-01,5.000000e-02,3.708835e+01
3.530000e+00,1.588392e-02,8.394741e-01,5.000000e-02,3.711476e+01
3.540000e+00,2.424651e-02,8.330568e-01,5.000000e-02,3.714128e+01
3.550000e+00,3.254539e-02,8.267380e-01,5.000000e-02,3.716976e+01
3.560000e+00,4.078172e-02,8.205529e-01,5.000000e-02,3.720177e+01
3.570000e+00,4.895699e-02,8.145299e-01,5.000000e-02,3.723860e+01
3.580000e+00,5.707293e-02,8.086899e-01,5.000000e-02,3.728123e+01
3.590000e+00,6.513144e-02,8.030456e-01,5.000000e-02,3.733027e+01
3.600000e+00,7.313450e-02,7.976012e-01,5.000000e-02,3.738599e+01
3.610000e+00,8.108411e-02,7.923527e-01,5.000000e-02,3.744827e+01
3.620000e+00,8.898217e-02,7.872876e-01,5.000000e-02,3.751666e+01
3.630000e+00,9.683041e-02,7.823856e-01,5.000000e-02,3.759032e+01
3.640000e+00,1.046303e-01,7.776191e-01,5.000000e-02,3.766811e+01
3.650000e+00,1.123831e-01,7.729539e-01,5.000000e-02,3.774858e+01
3.660000e+00,1.200896e-01,7.683499e-01,5.000000e-02,3.783003e+01
3.670000e+00,1.277502e-01,7.637628e-01,5.000000e-02,3.791053e+01
3.680000e+00,1.353648e-01,7.591447e-01,5.000000e-02,3.798799e+01
3.690000e+00,1.429328e-01,7.544454e-01,5.000000e-02,3.806023e+01
3.700000e+00,1.504532e-01,7.496142e-01,5.000000e-02,3.812499e+01
3.710000e+00,1.579245e-01,7.446008e-01,5.000000e-02,3.818001e+01
3.720000e+00,1.653445e-01,7.393566e-01,5.000000e-02,3.822312e+01
3.730000e+00,1.727107e-01,7.338362e-01,5.000000e-02,3.825224e+01
3.740000e+00,1.800202e-01,7.279987e-01,5.000000e-02,3.826548e+01
3.750000e+00,1.872695e-01,7.218082e-01,5.000000e-02,3.826116e+01
3.760000e+00,1.944550e-01,7.152352e-01,5.000000e-02,3.823787e+01
3.770000e+00,2.015728e-01,7.082576e-01,5.000000e-02,3.819448e+01
3.780000e+00,2.086188e-01,7.008604e-01,5.000000e-02,3.813022e+01
3.790000e+00,2.155886e-01,6.930370e-01,5.000000e-02,3.804461e+01
3.800000e+00,2.224781e-01,6.847889e-01,5.000000e-02,3.793759e+01
3.810000e+00,2.292830e-01,6.761258e-01,5.000000e-02,3.780941e+01
3.820000e+00,2.359993e-01,6.670652e-01,5.000000e-02,3.766070e+01
3.830000e+00,2.426231e-01,6.576324e-01,5.000000e-02,3.749240e+01
3.840000e+00,2.491508e-01,6.478592e-01,5.000000e-02,3.730578e+01
3.850000e+00,2.555793e-01,6.377837e-01,5.000000e-02,3.710237e+01
3.860000e+00,2.619056e-01,6.274489e-01,5.000000e-02,3.688394e+01
3.870000e+00,2.681275e-01,6.169020e-01,5.000000e-02,3.665246e+01
3.880000e+00,2.742431e-01,6.061928e-01,5.000000e-02,3.641004e+01
3.890000e+00,2.802510e-01,5.953729e-01,5.000000e-02,3.615885e+01
3.900000e+00,2.861504e-01,5.844940e-01,5.000000e-02,3.590112e+01
3.910000e+00,2.919409e-01,5.736067e-01,5.000000e-02,3.563906e+01
3.920000e+00,2.976227e-01,5.627595e-01,5.000000e-02,3.537476e+01
3.930000e+00,3.031963e-01,5.519973e-01,5.000000e-02,3.511021e+01
3.940000e+00,3.086630e-01,5.413606e-01,5.000000e-02,3.484720e+01
3.950000e+00,3.140241e-01,5.308841e-01,5.000000e-02,3.458731e+01
3.960000e+00,3.192813e-01,5.205962e-01,5.000000e-02,3.433182e+01
3.970000e+00,3.244367e-01,5.105181e-01,5.000000e-02,3.408175e+01
3.980000e+00,3.294924e-01,5.006636e-01,5.000000e-02,3.383776e+01
3.990000e+00,3.344508e-01,4.910387e-01,5.000000e-02,3.360020e+01
4,3.393140e-01,4.816412e-01,5.000000e-02,3.336906e+01
4.010000e+00,3.440843e-01,4.724614e-01,5.000000e-02,3.314399e+01
4.020000e+00,3.487639e-01,4.634817e-01,5.000000e-02,3.292432e+01
4.030000e+00,3.533545e-01,4.546780e-01,5.000000e-02,3.270905e+01
4.040000e+00,3.578579e-01,4.460194e-01,5.000000e-02,3.249691e+01
4.050000e+00,3.622753e-01,4.374700e-01,5.000000e-02,3.228638e+01
4.060000e+00,3.666075e-01,4.289891e-01,5.000000e-02,3.207571e+01
4.070000e+00,3.708551e-01,4.205329e-01,5.000000e-02,3.186302e+01
4.080000e+00,3.750181e-01,4.120551e-01,5.000000e-02,3.164630e+01
4.090000e+00,3.790960e-01,4.035087e-01,5.000000e-02,3.142348e+01
4.100000e+00,3.830879e-01,3.948470e-01,5.000000e-02,3.119250e+01
4.110000e+00,3.869924e-01,3.860246e-01,5.000000e-02,3.095133e+01
4.120000e+00,3.908077e-01,3.769992e-01,5.000000e-02,3.069806e+01
4.130000e+00,3.945316e-01,3.677321e-01,5.000000e-02,3.043093e+01
4.140000e+00,3.981615e-01,3.581895e-01,5.000000e-02,3.014837e+01
4.150000e+00,4.016944e-01,3.483436e-01,5.000000e-02,2.984907e+01
4.160000e+00,4.051272e-01,3.381729e-01,5.000000e-02,2.953198e+01
4.170000e+00,4.084567e-01,3.276631e-01,5.000000e-02,2.919634e+01
4.180000e+00,4.116793e-01,3.168075e-01,5.000000e-02,2.884175e+01
4.190000e+00,4.147917e-01,3.056069e-01,5.000000e-02,2.846811e+01
4.200000e+00,4.177904e-01,2.940698e-01,5.000000e-02,2.807567e+01
4.210000e+00,4.206720e-01,2.822123e-01,5.000000e-02,2.766501e+01
4.220000e+00,4.234336e-01,2.700576e-01,5.000000e-02,2.723703e+01
4.230000e+00,4.260723e-01,2.576352e-01,5.000000e-02,2.679290e+01
4.240000e+00,4.285855e-01,2.449808e-01,5.000000e-02,2.633408e+01
4.250000e+00,4.309713e-01,2.321345e-01,5.000000e-02,2.586225e+01
4.260000e+00,4.332277e-01,2.191408e-01,5.000000e-02,2.537928e+01
4.270000e+00,4.353537e-01,2.060465e-01,5.000000e-02,2.488716e+01
4.280000e+00,4.373485e-01,1.929005e-01,5.000000e-02,2.438799e+01
4.290000e+00,4.392117e-01,1.797517e-01,5.000000e-02,2.388389e+01
4.300000e+00,4.409437e-01,1.666486e-01,5.000000e-02,2.337697e+01
4.310000e+00,4.425450e-01,1.536372e-01,5.000000e-02,2.286928e+01
4.320000e+00,4.440169e-01,1.407610e-01,5.000000e-02,2.236273e+01
4.330000e+00,4.453608e-01,1.280587e-01,5.000000e-02,2.185907e+01
4.340000e+00,4.465788e-01,1.155644e-01,5.000000e-02,2.135986e+01
4.350000e+00,4.476729e-01,1.033060e-01,5.000000e-02,2.086638e+01
4.360000e+00,4.486457e-01,9.130476e-02,5.000000e-02,2.037966e+01
4.370000e+00,4.494999e-01,7.957510e-02,5.000000e-02,1.990042e+01
4.380000e+00,4.502382e-01,6.812395e-02,5.000000e-02,1.942906e+01
4.390000e+00,4.508633e-01,5.695080e-02,5.000000e-02,1.896567e+01
4.400000e+00,4.513781e-01,4.604777e-02,5.000000e-02,1.850999e+01
4.410000e+00,4.517851e-01,3.539986e-02,5.000000e-02,1.806148e+01
4.420000e+00,4.520869e-01,2.498544e-02,5.000000e-02,1.761928e+01
4.430000e+00,4.522855e-01,1.477682e-02,5.000000e-02,1.718226e+01
4.440000e+00,4.523830e-01,4.741091e-03,5.000000e-02,1.674907e+01
4.450000e+00,4.523808e-01,-5.159018e-03,0,1.631814e+01
4.460000e+00,4.523046e-01,-1.006341e-02,0,1.610192e+01
4.470000e+00,4.521796e-01,-1.493519e-02,0,1.588533e+01
4.480000e+00,4.520058e-01,-1.983428e-02,0,1.566576e+01
4.490000e+00,4.517827e-01,-2.481957e-02,0,1.544064e+01
4.500000e+00,4.515090e-01,-2.994742e-02,0,1.520747e+01
4.510000e+00,4.511831e-01,-3.527018e-02,0,1.496390e+01
4.520000e+00,4.508027e-01,-4.083482e-02,0,1.470782e+01
4.530000e+00,4.503654e-01,-4.668170e-02,0,1.443738e+01
4.540000e+00,4.498681e-01,-5.284357e-02,0,1.415102e+01
4.550000e+00,4.493074e-01,-5.934467e-02,0,1.384759e+01
4.560000e+00,4.486800e-01,-6.620015e-02,0,1.352630e+01
4.570000e+00,4.479822e-01,-7.341566e-02,0,1.318676e+01
4.580000e+00,4.472105e-01,-8.098721e-02,0,1.282903e+01
4.590000e+00,4.463613e-01,-8.890125e-02,0,1.245356e+01
4.600000e+00,4.454314e-01,-9.713508e-02,0,1.206122e+01
4.610000e+00,4.444177e-01,-1.056574e-01,0,1.165326e+01
4.620000e+00,4.433174e-01,-1.144290e-01,0,1.123128e+01
4.630000e+00,4.421284e-01,-1.234041e-01,0,1.079721e+01
4.640000e+00,4.408488e-01,-1.325310e-01,0,1.035321e+01
4.650000e+00,4.394775e-01,-1.417539e-01,0,9.901681e+00
4.660000e+00,4.380136e-01,-1.510141e-01,0,9.445149e+00
4.670000e+00,4.364573e-01,-1.602513e-01,0,8.986230e+00
4.680000e+00,4.348089e-01,-1.694056e-01,0,8.527559e+00
4.690000e+00,4.330696e-01,-1.784185e-01,0,8.071717e+00
4.700000e+00,4.312412e-01,-1.872346e-01,0,7.621176e+00
4.710000e+00,4.293257e-01,-1.958032e-01,0,7.178228e+00
4.720000e+00,4.273261e-01,-2.040791e-01,0,6.744938e+00
4.730000e+00,4.252453e-01,-2.120240e-01,0,6.323083e+00
4.740000e+00,4.230868e-01,-2.196076e-01,0,5.914116e+00
4.750000e+00,4.208544e-01,-2.268078e-01,0,5.519130e+00
4.760000e+00,4.185520e-01,-2.336116e-01,0,5.138829e+00
4.770000e+00,4.161835e-01,-2.400156e-01,0,4.773519e+00
4.780000e+00,4.137530e-01,-2.460254e-01,0,4.423094e+00
4.790000e+00,4.112643e-01,-2.516558e-01,0,4.087052e+00
4.800000e+00,4.087210e-01,-2.569304e-01,0,3.764502e+00
4.810000e+00,4.061267e-01,-2.618807e-01,0,3.454194e+00
4.820000e+00,4.034844e-01,-2.665455e-01,0,3.154555e+00
4.830000e+00,4.007966e-01,-2.709698e-01,0,2.863725e+00
4.840000e+00,3.980656e-01,-2.752033e-01,0,2.579617e+00
4.850000e+00,3.952930e-01,-2.792994e-01,0,2.299966e+00
4.860000e+00,3.924799e-01,-2.833138e-01,0,2.022388e+00
4.870000e+00,3.896268e-01,-2.873029e-01,0,1.744452e+00
4.880000e+00,3.867337e-01,-2.913223e-01,0,1.463734e+00
4.890000e+00,3.838001e-01,-2.954255e-01,0,1.177886e+00
4.900000e+00,3.808248e-01,-2.996623e-01,0,8.846978e-01
4.910000e+00,3.778063e-01,-3.040778e-01,0,5.821520e-01
4.920000e+00,3.747425e-01,-3.087110e-01,0,2.684793e-01
4.930000e+00,3.716312e-01,-3.135939e-01,0,-5.779636e-02
4.940000e+00,3.684697e-01,-3.187505e-01,0,-3.978194e-01
4.950000e+00,3.652552e-01,-3.241964e-01,0,-7.523726e-01
4.960000e+00,3.619848e-01,-3.299383e-01,0,-1.121857e+00
4.970000e+00,3.586555e-01,-3.359741e-01,0,-1.506279e+00
4.980000e+00,3.552644e-01,-3.422923e-01,0,-1.905255e+00
4.990000e+00,3.518088e-01,-3.488731e-01,0,-2.318016e+00
5,3.482861e-01,-3.556883e-01,0,-2.743429e+00
