t1,d1,v1,d2,v2,u,u_max
0,4.677482e-01,0,5.384341e-01,0
0,2.963061e+00,1.000000e-02,4.677055e-01,-8.553312e-03,5.383913e-01,-8.559836e-03
0,2.949494e+00,2.000000e-02,4.675773e-01,-1.707240e-02,5.382629e-01,-1.711765e-02
0,2.935438e+00,3.000000e-02,4.673642e-01,-2.552930e-02,5.380489e-01,-2.567339e-02
0,2.920942e+00,4.000000e-02,4.670670e-01,-3.389760e-02,5.377494e-01,-3.422692e-02
0,2.906050e+00,5.000000e-02,4.666866e-01,-4.215313e-02,5.373644e-01,-4.277800e-02
0,2.890807e+00,6.000000e-02,4.662244e-01,-5.027449e-02,5.368939e-01,-5.132625e-02
0,2.875253e+00,7.000000e-02,4.656817e-01,-5.824362e-02,5.363379e-01,-5.987115e-02
0,2.859427e+00,8.000000e-02,4.650601e-01,-6.604616e-02,5.356965e-01,-6.841195e-02
0,2.843360e+00,9.000000e-02,4.643613e-01,-7.367184e-02,5.349697e-01,-7.694776e-02
0,2.827079e+00,1.000000e-01,4.635872e-01,-8.111465e-02,5.341575e-01,-8.547745e-02
0,2.810605e+00,1.100000e-01,4.627396e-01,-8.837296e-02,5.332601e-01,-9.399967e-02
0,2.793952e+00,1.200000e-01,4.618204e-01,-9.544956e-02,5.322776e-01,-1.025129e-01
0,2.777128e+00,1.300000e-01,4.608312e-01,-1.023515e-01,5.312099e-01,-1.110153e-01
0,2.760132e+00,1.400000e-01,4.597739e-01,-1.090898e-01,5.300573e-01,-1.195050e-01
0,2.742959e+00,1.500000e-01,4.586499e-01,-1.156794e-01,5.288199e-01,-1.279798e-01
0,2.725595e+00,1.600000e-01,4.574608e-01,-1.221382e-01,5.274978e-01,-1.364374e-01
0,2.708022e+00,1.700000e-01,4.562075e-01,-1.284873e-01,5.260912e-01,-1.448755e-01
0,2.690213e+00,1.800000e-01,4.548913e-01,-1.347498e-01,5.246003e-01,-1.532914e-01
0,2.672139e+00,1.900000e-01,4.535128e-01,-1.409502e-01,5.230254e-01,-1.616826e-01
0,2.653768e+00,2.000000e-01,4.520724e-01,-1.471143e-01,5.213668e-01,-1.700464e-01
0,2.635061e+00,2.100000e-01,4.505705e-01,-1.532680e-01,5.196246e-01,-1.783802e-01
0,2.615981e+00,2.200000e-01,4.490070e-01,-1.594365e-01,5.177993e-01,-1.866813e-01
0,2.596487e+00,2.300000e-01,4.473816e-01,-1.656441e-01,5.158911e-01,-1.949472e-01
0,2.576541e+00,2.400000e-01,4.456939e-01,-1.719133e-01,5.139005e-01,-2.031754e-01
0,2.556103e+00,2.500000e-01,4.439431e-01,-1.782641e-01,5.118277e-01,-2.113636e-01
0,2.535140e+00,2.600000e-01,4.421283e-01,-1.847136e-01,5.096733e-01,-2.195095e-01
0,2.513617e+00,2.700000e-01,4.402485e-01,-1.912757e-01,5.074377e-01,-2.276111e-01
0,2.491508e+00,2.800000e-01,4.383024e-01,-1.979601e-01,5.051213e-01,-2.356667e-01
0,2.468789e+00,2.900000e-01,4.362888e-01,-2.047731e-01,5.027245e-01,-2.436746e-01
0,2.445442e+00,3.000000e-01,4.342065e-01,-2.117161e-01,5.002479e-01,-2.516333e-01
0,2.421458e+00,3.100000e-01,4.320541e-01,-2.187868e-01,4.976920e-01,-2.595417e-01
0,2.396831e+00,3.200000e-01,4.298303e-01,-2.259785e-01,4.950573e-01,-2.673989e-01
0,2.371564e+00,3.300000e-01,4.275341e-01,-2.332804e-01,4.923442e-01,-2.752039e-01
0,2.345667e+00,3.400000e-01,4.251644e-01,-2.406779e-01,4.895534e-01,-2.829564e-01
0,2.319156e+00,3.500000e-01,4.227203e-01,-2.481530e-01,4.866853e-01,-2.906557e-01
0,2.292053e+00,3.600000e-01,4.202012e-01,-2.556848e-01,4.837404e-01,-2.983018e-01
0,2.264386e+00,3.700000e-01,4.176065e-01,-2.632500e-01,4.807194e-01,-3.058945e-01
0,2.236189e+00,3.800000e-01,4.149361e-01,-2.708230e-01,4.776227e-01,-3.134338e-01
0,2.207500e+00,3.900000e-01,4.121901e-01,-2.783775e-01,4.744509e-01,-3.209197e-01
0,2.178361e+00,4.000000e-01,4.093687e-01,-2.858862e-01,4.712045e-01,-3.283524e-01
0,2.148815e+00,4.100000e-01,4.064726e-01,-2.933220e-01,4.678840e-01,-3.357319e-01
0,2.118910e+00,4.200000e-01,4.035026e-01,-3.006588e-01,4.644900e-01,-3.430583e-01
0,2.088690e+00,4.300000e-01,4.004599e-01,-3.078714e-01,4.610230e-01,-3.503316e-01
0,2.058203e+00,4.400000e-01,3.973457e-01,-3.149370e-01,4.574836e-01,-3.575518e-01
0,2.027491e+00,4.500000e-01,3.941617e-01,-3.218352e-01,4.538722e-01,-3.647186e-01
0,1.996598e+00,4.600000e-01,3.909096e-01,-3.285488e-01,4.501894e-01,-3.718318e-01
0,1.965560e+00,4.700000e-01,3.875914e-01,-3.350638e-01,4.464357e-01,-3.788908e-01
0,1.934412e+00,4.800000e-01,3.842090e-01,-3.413703e-01,4.426118e-01,-3.858950e-01
0,1.903182e+00,4.900000e-01,3.807647e-01,-3.474620e-01,4.387180e-01,-3.928435e-01
0,1.871893e+00,5.000000e-01,3.772605e-01,-3.533372e-01,4.347551e-01,-3.997353e-01
0,1.840562e+00,5.100000e-01,3.736987e-01,-3.589979e-01,4.307235e-01,-4.065691e-01
0,1.809198e+00,5.200000e-01,3.700812e-01,-3.644505e-01,4.266239e-01,-4.133435e-01
0,1.777807e+00,5.300000e-01,3.664103e-01,-3.697049e-01,4.224568e-01,-4.200569e-01
0,1.746384e+00,5.400000e-01,3.626878e-01,-3.747749e-01,4.182230e-01,-4.267075e-01
0,1.714921e+00,5.500000e-01,3.589154e-01,-3.796771e-01,4.139229e-01,-4.332934e-01
0,1.683403e+00,5.600000e-01,3.550947e-01,-3.844310e-01,4.095573e-01,-4.398126e-01
0,1.651810e+00,5.700000e-01,3.512272e-01,-3.890585e-01,4.051269e-01,-4.462630e-01
0,1.620117e+00,5.800000e-01,3.473139e-01,-3.935825e-01,4.006323e-01,-4.526423e-01
0,1.588294e+00,5.900000e-01,3.433558e-01,-3.980274e-01,3.960743e-01,-4.589483e-01
0,1.556311e+00,6.000000e-01,3.393535e-01,-4.024177e-01,3.914536e-01,-4.651789e-01
0,1.524132e+00,6.100000e-01,3.353075e-01,-4.067775e-01,3.867710e-01,-4.713317e-01
0,1.491725e+00,6.200000e-01,3.312180e-01,-4.111300e-01,3.820272e-01,-4.774047e-01
0,1.459052e+00,6.300000e-01,3.270849e-01,-4.154968e-01,3.772231e-01,-4.833957e-01
0,1.426081e+00,6.400000e-01,3.229080e-01,-4.198974e-01,3.723596e-01,-4.893029e-01
0,1.392781e+00,6.500000e-01,3.186868e-01,-4.243485e-01,3.674374e-01,-4.951245e-01
0,1.359121e+00,6.600000e-01,3.144208e-01,-4.288638e-01,3.624574e-01,-5.008589e-01
0,1.325078e+00,6.700000e-01,3.101092e-01,-4.334533e-01,3.574205e-01,-5.065046e-01
0,1.290631e+00,6.800000e-01,3.057514e-01,-4.381236e-01,3.523276e-01,-5.120604e-01
0,1.255765e+00,6.900000e-01,3.013465e-01,-4.428770e-01,3.471796e-01,-5.175252e-01
0,1.220471e+00,7.000000e-01,2.968936e-01,-4.477122e-01,3.419774e-01,-5.228983e-01
0,1.184747e+00,7.100000e-01,2.923920e-01,-4.526237e-01,3.367219e-01,-5.281791e-01
0,1.148595e+00,7.200000e-01,2.878409e-01,-4.576021e-01,3.314141e-01,-5.333671e-01
0,1.112026e+00,7.300000e-01,2.832398e-01,-4.626346e-01,3.260549e-01,-5.384621e-01
0,1.075056e+00,7.400000e-01,2.785881e-01,-4.677051e-01,3.206452e-01,-5.434641e-01
0,1.037706e+00,7.500000e-01,2.738856e-01,-4.727946e-01,3.151859e-01,-5.483733e-01
0,1.000005e+00,7.600000e-01,2.691322e-01,-4.778817e-01,3.096780e-01,-5.531898e-01
0,9.619857e-01,7.700000e-01,2.643281e-01,-4.829431e-01,3.041224e-01,-5.579140e-01
0,9.236843e-01,7.800000e-01,2.594735e-01,-4.879545e-01,2.985200e-01,-5.625464e-01
0,8.851417e-01,7.900000e-01,2.545692e-01,-4.928906e-01,2.928718e-01,-5.670874e-01
0,8.464007e-01,8.000000e-01,2.496160e-01,-4.977263e-01,2.871786e-01,-5.715376e-01
0,8.075062e-01,8.100000e-01,2.446151e-01,-5.024372e-01,2.814413e-01,-5.758973e-01
0,7.685032e-01,8.200000e-01,2.395678e-01,-5.070000e-01,2.756610e-01,-5.801672e-01
0,7.294367e-01,8.300000e-01,2.344757e-01,-5.113932e-01,2.698383e-01,-5.843475e-01
0,6.903500e-01,8.400000e-01,2.293406e-01,-5.155977e-01,2.639743e-01,-5.884384e-01
0,6.512842e-01,8.500000e-01,2.241644e-01,-5.195972e-01,2.580698e-01,-5.924402e-01
0,6.122773e-01,8.600000e-01,2.189493e-01,-5.233785e-01,2.521258e-01,-5.963528e-01
0,5.733629e-01,8.700000e-01,2.136976e-01,-5.269322e-01,2.461431e-01,-6.001761e-01
0,5.345701e-01,8.800000e-01,2.084115e-01,-5.302523e-01,2.401226e-01,-6.039097e-01
0,4.959226e-01,8.900000e-01,2.030933e-01,-5.333368e-01,2.340652e-01,-6.075532e-01
0,4.574385e-01,9.000000e-01,1.977455e-01,-5.361878e-01,2.279718e-01,-6.111059e-01
0,4.191295e-01,9.100000e-01,1.923703e-01,-5.388108e-01,2.218434e-01,-6.145668e-01
0,3.810015e-01,9.200000e-01,1.869700e-01,-5.412154e-01,2.156808e-01,-6.179351e-01
0,3.430540e-01,9.300000e-01,1.815467e-01,-5.434141e-01,2.094850e-01,-6.212095e-01
0,3.052806e-01,9.400000e-01,1.761024e-01,-5.454229e-01,2.032569e-01,-6.243888e-01
0,2.676694e-01,9.500000e-01,1.706388e-01,-5.472601e-01,1.969975e-01,-6.274716e-01
0,2.302032e-01,9.600000e-01,1.651577e-01,-5.489463e-01,1.907078e-01,-6.304563e-01
0,1.928604e-01,9.700000e-01,1.596603e-01,-5.505034e-01,1.843887e-01,-6.333414e-01
0,1.556155e-01,9.800000e-01,1.541480e-01,-5.519546e-01,1.780413e-01,-6.361253e-01
0,1.184400e-01,9.900000e-01,1.486215e-01,-5.533234e-01,1.716666e-01,-6.388065e-01
0,8.130362e-02,1,1.430817e-01,-5.546329e-01,1.652655e-01,-6.413833e-01
0,4.417458e-02,1.010000e+00,1.375290e-01,-5.559056e-01,1.588393e-01,-6.438543e-01
0,7.021133e-03,1.020000e+00,1.319636e-01,-5.571625e-01,1.523888e-01,-6.462181e-01
0,-3.018767e-02,1.030000e+00,1.263857e-01,-5.584225e-01,1.459153e-01,-6.484734e-01
0,-6.748103e-02,1.040000e+00,1.207951e-01,-5.597022e-01,1.394197e-01,-6.506189e-01
0,-1.048855e-01,1.050000e+00,1.151916e-01,-5.610154e-01,1.329032e-01,-6.526538e-01
0,-1.424240e-01,1.060000e+00,1.095747e-01,-5.623726e-01,1.263670e-01,-6.545771e-01
0,-1.801154e-01,1.070000e+00,1.039439e-01,-5.637808e-01,1.198121e-01,-6.563883e-01
0,-2.179736e-01,1.080000e+00,9.829887e-02,-5.652433e-01,1.132396e-01,-6.580869e-01
0,-2.560072e-01,1.090000e+00,9.263890e-02,-5.667597e-01,1.066507e-01,-6.596726e-01
0,-2.942190e-01,1.100000e+00,8.696351e-02,-5.683259e-01,1.000465e-01,-6.611455e-01
0,-3.326059e-01,1.110000e+00,8.127224e-02,-5.699343e-01,9.342818e-02,-6.625057e-01
0,-3.711588e-01,1.120000e+00,7.556472e-02,-5.715735e-01,8.679679e-02,-6.637535e-01
0,-4.098628e-01,1.130000e+00,6.984071e-02,-5.732295e-01,8.015349e-02,-6.648895e-01
0,-4.486972e-01,1.140000e+00,6.410013e-02,-5.748853e-01,7.349937e-02,-6.659143e-01
0,-4.876362e-01,1.150000e+00,5.834307e-02,-5.765214e-01,6.683557e-02,-6.668287e-01
0,-5.266492e-01,1.160000e+00,5.256984e-02,-5.781169e-01,6.016317e-02,-6.676337e-01
0,-5.657014e-01,1.170000e+00,4.678094e-02,-5.796495e-01,5.348326e-02,-6.683301e-01
0,-6.047549e-01,1.180000e+00,4.097713e-02,-5.810960e-01,4.679692e-02,-6.689192e-01
0,-6.437692e-01,1.190000e+00,3.515939e-02,-5.824334e-01,4.010523e-02,-6.694019e-01
0,-6.827021e-01,1.200000e+00,2.932891e-02,-5.836390e-01,3.340923e-02,-6.697793e-01
0,-7.215110e-01,1.210000e+00,2.348712e-02,-5.846914e-01,2.670999e-02,-6.700524e-01
0,-7.601531e-01,1.220000e+00,1.763565e-02,-5.855706e-01,2.000853e-02,-6.702221e-01
0,-7.985874e-01,1.230000e+00,1.177634e-02,-5.862589e-01,1.330589e-02,-6.702894e-01
0,-8.367745e-01,1.240000e+00,5.911165e-03,-5.867410e-01,6.603082e-03,-6.702550e-01
0,-8.746784e-01,1.250000e+00,4.224892e-05,-5.870048e-01,-9.887477e-05,-6.701195e-01
0,-9.122665e-01,1.260000e+00,-5.828174e-03,-5.870414e-01,-6.798973e-03,-6.698834e-01
-5.000000e-02,-9.495109e-01,1.270000e+00,-1.167329e-02,-5.819445e-01,-1.347169e-02,-6.646427e-01
-5.000000e-02,-9.786147e-01,1.280000e+00,-1.746635e-02,-5.766326e-01,-2.009150e-02,-6.593030e-01
-5.000000e-02,-1.007055e+00,1.290000e+00,-2.320528e-02,-5.711235e-01,-2.665742e-02,-6.538645e-01
-5.000000e-02,-1.034845e+00,1.300000e+00,-2.888823e-02,-5.654379e-01,-3.316846e-02,-6.483270e-01
-5.000000e-02,-1.062006e+00,1.310000e+00,-3.451353e-02,-5.595985e-01,-3.962363e-02,-6.426904e-01
-5.000000e-02,-1.088563e+00,1.320000e+00,-4.007977e-02,-5.536295e-01,-4.602193e-02,-6.369545e-01
-5.000000e-02,-1.114545e+00,1.330000e+00,-4.558577e-02,-5.475564e-01,-5.236238e-02,-6.311189e-01
-5.000000e-02,-1.139983e+00,1.340000e+00,-5.103063e-02,-5.414048e-01,-5.864398e-02,-6.251836e-01
-5.000000e-02,-1.164912e+00,1.350000e+00,-5.641369e-02,-5.352003e-01,-6.486572e-02,-6.191481e-01
-5.000000e-02,-1.189367e+00,1.360000e+00,-6.173454e-02,-5.289673e-01,-7.102661e-02,-6.130124e-01
-5.000000e-02,-1.213383e+00,1.370000e+00,-6.699302e-02,-5.227290e-01,-7.712563e-02,-6.067764e-01
-5.000000e-02,-1.236997e+00,1.380000e+00,-7.218918e-02,-5.165063e-01,-8.316180e-02,-6.004400e-01
-5.000000e-02,-1.260239e+00,1.390000e+00,-7.732326e-02,-5.103175e-01,-8.913410e-02,-5.940035e-01
-5.000000e-02,-1.283142e+00,1.400000e+00,-8.239569e-02,-5.041782e-01,-9.504154e-02,-5.874673e-01
-5.000000e-02,-1.305730e+00,1.410000e+00,-8.740703e-02,-4.981002e-01,-1.008831e-01,-5.808318e-01
-5.000000e-02,-1.328027e+00,1.420000e+00,-9.235793e-02,-4.920920e-01,-1.066578e-01,-5.740978e-01
-5.000000e-02,-1.350049e+00,1.430000e+00,-9.724911e-02,-4.861580e-01,-1.123647e-01,-5.672662e-01
-5.000000e-02,-1.371809e+00,1.440000e+00,-1.020813e-01,-4.802988e-01,-1.180028e-01,-5.603382e-01
-5.000000e-02,-1.393311e+00,1.450000e+00,-1.068553e-01,-4.745112e-01,-1.235712e-01,-5.533150e-01
-5.000000e-02,-1.414556e+00,1.460000e+00,-1.115718e-01,-4.687880e-01,-1.290688e-01,-5.461982e-01
-5.000000e-02,-1.435537e+00,1.470000e+00,-1.162313e-01,-4.631187e-01,-1.344949e-01,-5.389896e-01
-5.000000e-02,-1.456240e+00,1.480000e+00,-1.208343e-01,-4.574895e-01,-1.398483e-01,-5.316910e-01
-5.000000e-02,-1.476648e+00,1.490000e+00,-1.253811e-01,-4.518836e-01,-1.451284e-01,-5.243046e-01
-5.000000e-02,-1.496736e+00,1.500000e+00,-1.298720e-01,-4.462819e-01,-1.503341e-01,-5.168324e-01
-5.000000e-02,-1.516476e+00,1.510000e+00,-1.343067e-01,-4.406635e-01,-1.554647e-01,-5.092769e-01
-5.000000e-02,-1.535835e+00,1.520000e+00,-1.386851e-01,-4.350062e-01,-1.605194e-01,-5.016402e-01
-5.000000e-02,-1.554777e+00,1.530000e+00,-1.430066e-01,-4.292870e-01,-1.654973e-01,-4.939250e-01
-5.000000e-02,-1.573262e+00,1.540000e+00,-1.472706e-01,-4.234830e-01,-1.703976e-01,-4.861336e-01
-5.000000e-02,-1.591250e+00,1.550000e+00,-1.514759e-01,-4.175717e-01,-1.752197e-01,-4.782684e-01
-5.000000e-02,-1.608700e+00,1.560000e+00,-1.556216e-01,-4.115318e-01,-1.799628e-01,-4.703318e-01
-5.000000e-02,-1.625572e+00,1.570000e+00,-1.597061e-01,-4.053438e-01,-1.846261e-01,-4.623262e-01
-5.000000e-02,-1.641827e+00,1.580000e+00,-1.637279e-01,-3.989903e-01,-1.892091e-01,-4.542536e-01
-5.000000e-02,-1.657427e+00,1.590000e+00,-1.676853e-01,-3.924567e-01,-1.937110e-01,-4.461162e-01
-5.000000e-02,-1.672339e+00,1.600000e+00,-1.715764e-01,-3.857316e-01,-1.981312e-01,-4.379160e-01
-5.000000e-02,-1.686534e+00,1.610000e+00,-1.753993e-01,-3.788068e-01,-2.024691e-01,-4.296546e-01
-5.000000e-02,-1.699986e+00,1.620000e+00,-1.791518e-01,-3.716779e-01,-2.067241e-01,-4.213338e-01
-5.000000e-02,-1.712675e+00,1.630000e+00,-1.828321e-01,-3.643443e-01,-2.108956e-01,-4.129550e-01
-5.000000e-02,-1.724588e+00,1.640000e+00,-1.864381e-01,-3.568092e-01,-2.149830e-01,-4.045194e-01
-5.000000e-02,-1.735717e+00,1.650000e+00,-1.899677e-01,-3.490794e-01,-2.189858e-01,-3.960280e-01
-5.000000e-02,-1.746060e+00,1.660000e+00,-1.934190e-01,-3.411655e-01,-2.229034e-01,-3.874820e-01
-5.000000e-02,-1.755621e+00,1.670000e+00,-1.967904e-01,-3.330813e-01,-2.267352e-01,-3.788818e-01
-5.000000e-02,-1.764410e+00,1.680000e+00,-2.000801e-01,-3.248437e-01,-2.304808e-01,-3.702283e-01
-5.000000e-02,-1.772444e+00,1.690000e+00,-2.032868e-01,-3.164721e-01,-2.341396e-01,-3.615219e-01
-5.000000e-02,-1.779743e+00,1.700000e+00,-2.064092e-01,-3.079882e-01,-2.377111e-01,-3.527631e-01
-5.000000e-02,-1.786334e+00,1.710000e+00,-2.094463e-01,-2.994150e-01,-2.411947e-01,-3.439521e-01
-5.000000e-02,-1.792245e+00,1.720000e+00,-2.123973e-01,-2.907767e-01,-2.445900e-01,-3.350892e-01
-5.000000e-02,-1.797510e+00,1.730000e+00,-2.152617e-01,-2.820980e-01,-2.478963e-01,-3.261748e-01
-5.000000e-02,-1.802164e+00,1.740000e+00,-2.180392e-01,-2.734033e-01,-2.511133e-01,-3.172092e-01
-5.000000e-02,-1.806242e+00,1.750000e+00,-2.207298e-01,-2.647162e-01,-2.542403e-01,-3.081927e-01
-5.000000e-02,-1.809782e+00,1.760000e+00,-2.233336e-01,-2.560590e-01,-2.572770e-01,-2.991257e-01
-5.000000e-02,-1.812819e+00,1.770000e+00,-2.258511e-01,-2.474523e-01,-2.602227e-01,-2.900087e-01
-5.000000e-02,-1.815387e+00,1.780000e+00,-2.282829e-01,-2.389141e-01,-2.630770e-01,-2.808424e-01
-5.000000e-02,-1.817518e+00,1.790000e+00,-2.306297e-01,-2.304596e-01,-2.658394e-01,-2.716276e-01
-5.000000e-02,-1.819241e+00,1.800000e+00,-2.328924e-01,-2.221011e-01,-2.685094e-01,-2.623653e-01
-5.000000e-02,-1.820581e+00,1.810000e+00,-2.350721e-01,-2.138472e-01,-2.710865e-01,-2.530565e-01
-5.000000e-02,-1.821558e+00,1.820000e+00,-2.371697e-01,-2.057032e-01,-2.735704e-01,-2.437026e-01
-5.000000e-02,-1.822185e+00,1.830000e+00,-2.391865e-01,-1.976705e-01,-2.759604e-01,-2.343051e-01
-5.000000e-02,-1.822474e+00,1.840000e+00,-2.411235e-01,-1.897470e-01,-2.782563e-01,-2.248656e-01
-5.000000e-02,-1.822427e+00,1.850000e+00,-2.429818e-01,-1.819268e-01,-2.804576e-01,-2.153861e-01
-5.000000e-02,-1.822041e+00,1.860000e+00,-2.447623e-01,-1.742008e-01,-2.825639e-01,-2.058685e-01
-5.000000e-02,-1.821310e+00,1.870000e+00,-2.464661e-01,-1.665569e-01,-2.845749e-01,-1.963150e-01
-5.000000e-02,-1.820220e+00,1.880000e+00,-2.480937e-01,-1.589801e-01,-2.864901e-01,-1.867281e-01
-5.000000e-02,-1.818752e+00,1.890000e+00,-2.496458e-01,-1.514531e-01,-2.883093e-01,-1.771101e-01
-5.000000e-02,-1.816883e+00,1.900000e+00,-2.511229e-01,-1.439567e-01,-2.900322e-01,-1.674635e-01
-5.000000e-02,-1.814586e+00,1.910000e+00,-2.525250e-01,-1.364706e-01,-2.916585e-01,-1.577911e-01
-5.000000e-02,-1.811831e+00,1.920000e+00,-2.538523e-01,-1.289737e-01,-2.931880e-01,-1.480955e-01
-5.000000e-02,-1.808584e+00,1.930000e+00,-2.551044e-01,-1.214447e-01,-2.946203e-01,-1.383792e-01
-5.000000e-02,-1.804812e+00,1.940000e+00,-2.562810e-01,-1.138627e-01,-2.959555e-01,-1.286451e-01
-5.000000e-02,-1.800478e+00,1.950000e+00,-2.573814e-01,-1.062078e-01,-2.971932e-01,-1.188956e-01
-5.000000e-02,-1.795549e+00,1.960000e+00,-2.584048e-01,-9.846179e-02,-2.983334e-01,-1.091333e-01
-5.000000e-02,-1.789991e+00,1.970000e+00,-2.593503e-01,-9.060829e-02,-2.993758e-01,-9.936061e-02
-5.000000e-02,-1.783771e+00,1.980000e+00,-2.602166e-01,-8.263352e-02,-3.003205e-01,-8.957989e-02
-5.000000e-02,-1.776862e+00,1.990000e+00,-2.610025e-01,-7.452652e-02,-3.011674e-01,-7.979329e-02
-5.000000e-02,-1.769238e+00,2,-2.617066e-01,-6.627953e-02,-3.019164e-01,-7.000281e-02
-5.000000e-02,-1.760878e+00,2.010000e+00,-2.623276e-01,-5.788817e-02,-3.025675e-01,-6.021031e-02
-5.000000e-02,-1.751767e+00,2.020000e+00,-2.628639e-01,-4.935158e-02,-3.031206e-01,-5.041747e-02
-5.000000e-02,-1.741893e+00,2.030000e+00,-2.633142e-01,-4.067249e-02,-3.035758e-01,-4.062578e-02
-5.000000e-02,-1.731253e+00,2.040000e+00,-2.636769e-01,-3.185715e-02,-3.039331e-01,-3.083657e-02
-5.000000e-02,-1.719847e+00,2.050000e+00,-2.639509e-01,-2.291522e-02,-3.041926e-01,-2.105102e-02
-5.000000e-02,-1.707682e+00,2.060000e+00,-2.641348e-01,-1.385950e-02,-3.043542e-01,-1.127011e-02
-5.000000e-02,-1.694770e+00,2.070000e+00,-2.642277e-01,-4.705688e-03,-3.044180e-01,-1.494710e-03
-5.000000e-02,-1.681128e+00,2.080000e+00,-2.642287e-01,4.528063e-03,-3.043841e-01,8.274434e-03
0,-1.666780e+00,2.090000e+00,-2.641615e-01,8.920851e-03,-3.042770e-01,1.313226e-02
0,-1.659525e+00,2.100000e+00,-2.640501e-01,1.337120e-02,-3.041214e-01,1.798380e-02
0,-1.651901e+00,2.110000e+00,-2.638939e-01,1.787234e-02,-3.039174e-01,2.282857e-02
0,-1.643914e+00,2.120000e+00,-2.636925e-01,2.241612e-02,-3.036649e-01,2.766616e-02
0,-1.635575e+00,2.130000e+00,-2.634455e-01,2.699323e-02,-3.033641e-01,3.249622e-02
0,-1.626895e+00,2.140000e+00,-2.631526e-01,3.159339e-02,-3.030150e-01,3.731846e-02
0,-1.617888e+00,2.150000e+00,-2.628136e-01,3.620562e-02,-3.026177e-01,4.213260e-02
0,-1.608571e+00,2.160000e+00,-2.624284e-01,4.081851e-02,-3.021724e-01,4.693842e-02
0,-1.598960e+00,2.170000e+00,-2.619972e-01,4.542048e-02,-3.016790e-01,5.173567e-02
0,-1.589074e+00,2.180000e+00,-2.615201e-01,5.000008e-02,-3.011377e-01,5.652411e-02
0,-1.578933e+00,2.190000e+00,-2.609973e-01,5.454627e-02,-3.005485e-01,6.130350e-02
0,-1.568554e+00,2.200000e+00,-2.604293e-01,5.904865e-02,-2.999117e-01,6.607355e-02
0,-1.557956e+00,2.210000e+00,-2.598165e-01,6.349775e-02,-2.992271e-01,7.083393e-02
0,-1.547158e+00,2.220000e+00,-2.591596e-01,6.788524e-02,-2.984950e-01,7.558426e-02
0,-1.536176e+00,2.230000e+00,-2.584591e-01,7.220408e-02,-2.977155e-01,8.032408e-02
0,-1.525024e+00,2.240000e+00,-2.577157e-01,7.644877e-02,-2.968886e-01,8.505290e-02
0,-1.513717e+00,2.250000e+00,-2.569304e-01,8.061539e-02,-2.960144e-01,8.977011e-02
0,-1.502264e+00,2.260000e+00,-2.561037e-01,8.470171e-02,-2.950932e-01,9.447503e-02
0,-1.490675e+00,2.270000e+00,-2.552366e-01,8.870721e-02,-2.941250e-01,9.916692e-02
0,-1.478956e+00,2.280000e+00,-2.543298e-01,9.263312e-02,-2.931099e-01,1.038449e-01
0,-1.467108e+00,2.290000e+00,-2.533842e-01,9.648229e-02,-2.920481e-01,1.085082e-01
0,-1.455134e+00,2.300000e+00,-2.524004e-01,1.002592e-01,-2.909398e-01,1.131556e-01
0,-1.443031e+00,2.310000e+00,-2.513792e-01,1.039696e-01,-2.897851e-01,1.177862e-01
0,-1.430794e+00,2.320000e+00,-2.503212e-01,1.076207e-01,-2.885841e-01,1.223989e-01
0,-1.418416e+00,2.330000e+00,-2.492270e-01,1.112206e-01,-2.873372e-01,1.269924e-01
0,-1.405888e+00,2.340000e+00,-2.480970e-01,1.147784e-01,-2.860444e-01,1.315656e-01
0,-1.393199e+00,2.350000e+00,-2.469315e-01,1.183036e-01,-2.847059e-01,1.361173e-01
0,-1.380336e+00,2.360000e+00,-2.457310e-01,1.218061e-01,-2.833221e-01,1.406462e-01
0,-1.367286e+00,2.370000e+00,-2.444954e-01,1.252959e-01,-2.818931e-01,1.451511e-01
0,-1.354034e+00,2.380000e+00,-2.432250e-01,1.287825e-01,-2.804191e-01,1.496307e-01
0,-1.340566e+00,2.390000e+00,-2.419198e-01,1.322754e-01,-2.789005e-01,1.540839e-01
0,-1.326868e+00,2.400000e+00,-2.405795e-01,1.357828e-01,-2.773376e-01,1.585095e-01
0,-1.312925e+00,2.410000e+00,-2.392040e-01,1.393123e-01,-2.757305e-01,1.629065e-01
0,-1.298725e+00,2.420000e+00,-2.377932e-01,1.428703e-01,-2.740795e-01,1.672737e-01
0,-1.284256e+00,2.430000e+00,-2.363465e-01,1.464616e-01,-2.723851e-01,1.716103e-01
0,-1.269509e+00,2.440000e+00,-2.348638e-01,1.500897e-01,-2.706474e-01,1.759153e-01
0,-1.254477e+00,2.450000e+00,-2.333446e-01,1.537565e-01,-2.688669e-01,1.801879e-01
0,-1.239153e+00,2.460000e+00,-2.317885e-01,1.574623e-01,-2.670438e-01,1.844274e-01
0,-1.223535e+00,2.470000e+00,-2.301952e-01,1.612055e-01,-2.651784e-01,1.886332e-01
0,-1.207622e+00,2.480000e+00,-2.285643e-01,1.649832e-01,-2.632712e-01,1.928048e-01
0,-1.191418e+00,2.490000e+00,-2.268955e-01,1.687906e-01,-2.613225e-01,1.969417e-01
0,-1.174928e+00,2.500000e+00,-2.251884e-01,1.726217e-01,-2.593325e-01,2.010435e-01
0,-1.158158e+00,2.510000e+00,-2.234430e-01,1.764691e-01,-2.573017e-01,2.051098e-01
0,-1.141120e+00,2.520000e+00,-2.216590e-01,1.803243e-01,-2.552304e-01,2.091405e-01
0,-1.123826e+00,2.530000e+00,-2.198365e-01,1.841777e-01,-2.531190e-01,2.131354e-01
0,-1.106291e+00,2.540000e+00,-2.179755e-01,1.880193e-01,-2.509678e-01,2.170942e-01
0,-1.088530e+00,2.550000e+00,-2.160762e-01,1.918383e-01,-2.487773e-01,2.210169e-01
0,-1.070561e+00,2.560000e+00,-2.141388e-01,1.956242e-01,-2.465476e-01,2.249033e-01
0,-1.052403e+00,2.570000e+00,-2.121638e-01,1.993661e-01,-2.442793e-01,2.287533e-01
0,-1.034075e+00,2.580000e+00,-2.101517e-01,2.030538e-01,-2.419727e-01,2.325668e-01
0,-1.015596e+00,2.590000e+00,-2.081030e-01,2.066774e-01,-2.396281e-01,2.363436e-01
0,-9.969850e-01,2.600000e+00,-2.060184e-01,2.102280e-01,-2.372459e-01,2.400837e-01
0,-9.782600e-01,2.610000e+00,-2.038987e-01,2.136978e-01,-2.348266e-01,2.437866e-01
0,-9.594383e-01,2.620000e+00,-2.017447e-01,2.170800e-01,-2.323703e-01,2.474522e-01
0,-9.405355e-01,2.630000e+00,-1.995574e-01,2.203695e-01,-2.298776e-01,2.510801e-01
0,-9.215657e-01,2.640000e+00,-1.973377e-01,2.235624e-01,-2.273489e-01,2.546700e-01
0,-9.025407e-01,2.650000e+00,-1.950865e-01,2.266566e-01,-2.247844e-01,2.582212e-01
0,-8.834701e-01,2.660000e+00,-1.928049e-01,2.296513e-01,-2.221846e-01,2.617333e-01
0,-8.643610e-01,2.670000e+00,-1.904938e-01,2.325478e-01,-2.195498e-01,2.652057e-01
0,-8.452182e-01,2.680000e+00,-1.881542e-01,2.353486e-01,-2.168806e-01,2.686376e-01
0,-8.260437e-01,2.690000e+00,-1.857871e-01,2.380578e-01,-2.141772e-01,2.720283e-01
0,-8.068371e-01,2.700000e+00,-1.833934e-01,2.406808e-01,-2.114402e-01,2.753769e-01
0,-7.875956e-01,2.710000e+00,-1.809738e-01,2.432244e-01,-2.086698e-01,2.786827e-01
0,-7.683140e-01,2.720000e+00,-1.785291e-01,2.456962e-01,-2.058666e-01,2.819446e-01
0,-7.489851e-01,2.730000e+00,-1.760601e-01,2.481048e-01,-2.030311e-01,2.851618e-01
0,-7.296001e-01,2.740000e+00,-1.735672e-01,2.504592e-01,-2.001636e-01,2.883332e-01
0,-7.101485e-01,2.750000e+00,-1.710510e-01,2.527688e-01,-1.972646e-01,2.914579e-01
0,-6.906187e-01,2.760000e+00,-1.685119e-01,2.550432e-01,-1.943346e-01,2.945348e-01
0,-6.709986e-01,2.770000e+00,-1.659502e-01,2.572916e-01,-1.913740e-01,2.975632e-01
0,-6.512757e-01,2.780000e+00,-1.633662e-01,2.595230e-01,-1.883835e-01,3.005419e-01
0,-6.314374e-01,2.790000e+00,-1.607598e-01,2.617456e-01,-1.853634e-01,3.034702e-01
0,-6.114717e-01,2.800000e+00,-1.581313e-01,2.639667e-01,-1.823142e-01,3.063472e-01
0,-5.913676e-01,2.810000e+00,-1.554805e-01,2.661926e-01,-1.792366e-01,3.091721e-01
0,-5.711152e-01,2.820000e+00,-1.528074e-01,2.684284e-01,-1.761310e-01,3.119442e-01
0,-5.507062e-01,2.830000e+00,-1.501118e-01,2.706777e-01,-1.729979e-01,3.146629e-01
0,-5.301342e-01,2.840000e+00,-1.473938e-01,2.729426e-01,-1.698379e-01,3.173277e-01
0,-5.093949e-01,2.850000e+00,-1.446529e-01,2.752237e-01,-1.666515e-01,3.199380e-01
0,-4.884863e-01,2.860000e+00,-1.418892e-01,2.775203e-01,-1.634393e-01,3.224936e-01
0,-4.674089e-01,2.870000e+00,-1.391025e-01,2.798297e-01,-1.602018e-01,3.249940e-01
0,-4.461655e-01,2.880000e+00,-1.362926e-01,2.821480e-01,-1.569396e-01,3.274392e-01
0,-4.247617e-01,2.890000e+00,-1.334595e-01,2.844699e-01,-1.536532e-01,3.298289e-01
0,-4.032052e-01,2.900000e+00,-1.306032e-01,2.867888e-01,-1.503432e-01,3.321632e-01
0,-3.815064e-01,2.910000e+00,-1.277238e-01,2.890971e-01,-1.470102e-01,3.344419e-01
0,-3.596776e-01,2.920000e+00,-1.248213e-01,2.913862e-01,-1.436546e-01,3.366652e-01
0,-3.377330e-01,2.930000e+00,-1.218962e-01,2.936467e-01,-1.402770e-01,3.388332e-01
0,-3.156884e-01,2.940000e+00,-1.189485e-01,2.958692e-01,-1.368781e-01,3.409460e-01
0,-2.935612e-01,2.950000e+00,-1.159789e-01,2.980436e-01,-1.334583e-01,3.430037e-01
0,-2.713692e-01,2.960000e+00,-1.129879e-01,3.001602e-01,-1.300182e-01,3.450065e-01
0,-2.491313e-01,2.970000e+00,-1.099760e-01,3.022093e-01,-1.265583e-01,3.469545e-01
0,-2.268661e-01,2.980000e+00,-1.069439e-01,3.041820e-01,-1.230793e-01,3.488479e-01
0,-2.045924e-01,2.990000e+00,-1.038926e-01,3.060700e-01,-1.195816e-01,3.506868e-01
0,-1.823280e-01,3,-1.008228e-01,3.078659e-01,-1.160657e-01,3.524712e-01
0,-1.600900e-01,3.010000e+00,-9.773560e-02,3.095636e-01,-1.125323e-01,3.542012e-01
0,-1.378940e-01,3.020000e+00,-9.463191e-02,3.111582e-01,-1.089819e-01,3.558767e-01
0,-1.157540e-01,3.030000e+00,-9.151280e-02,3.126462e-01,-1.054150e-01,3.574976e-01
0,-9.368214e-02,3.040000e+00,-8.837935e-02,3.140255e-01,-1.018321e-01,3.590638e-01
0,-7.168836e-02,3.050000e+00,-8.523265e-02,3.152956e-01,-9.823388e-02,3.605751e-01
0,-4.978038e-02,3.060000e+00,-8.207379e-02,3.164576e-01,-9.462081e-02,3.620311e-01
0,-2.796351e-02,3.070000e+00,-7.890385e-02,3.175139e-01,-9.099345e-02,3.634316e-01
0,-6.240641e-03,3.080000e+00,-7.572386e-02,3.184685e-01,-8.735236e-02,3.647761e-01
0,1.538773e-02,3.090000e+00,-7.253480e-02,3.193265e-01,-8.369811e-02,3.660641e-01
0,3.692344e-02,3.100000e+00,-6.933763e-02,3.200944e-01,-8.003127e-02,3.672952e-01
0,5.837047e-02,3.110000e+00,-6.613319e-02,3.207796e-01,-7.635240e-02,3.684687e-01
0,7.973481e-02,3.120000e+00,-6.292228e-02,3.213901e-01,-7.266209e-02,3.695841e-01
0,1.010241e-01,3.130000e+00,-5.970561e-02,3.219347e-01,-6.896092e-02,3.706409e-01
0,1.222476e-01,3.140000e+00,-5.648378e-02,3.224226e-01,-6.524947e-02,3.716383e-01
0,1.434155e-01,3.150000e+00,-5.325731e-02,3.228629e-01,-6.152835e-02,3.725759e-01
0,1.645387e-01,3.160000e+00,-5.002665e-02,3.232646e-01,-5.779815e-02,3.734529e-01
0,1.856286e-01,3.170000e+00,-4.679212e-02,3.236365e-01,-5.405949e-02,3.742689e-01
0,2.066966e-01,3.180000e+00,-4.355399e-02,3.239867e-01,-5.031298e-02,3.750234e-01
0,2.277537e-01,3.190000e+00,-4.031244e-02,3.243225e-01,-4.655923e-02,3.757158e-01
0,2.488101e-01,3.200000e+00,-3.706757e-02,3.246502e-01,-4.279887e-02,3.763458e-01
0,2.698749e-01,3.210000e+00,-3.381944e-02,3.249750e-01,-3.903253e-02,3.769130e-01
0,2.909559e-01,3.220000e+00,-3.056806e-02,3.253008e-01,-3.526082e-02,3.774171e-01
0,3.120590e-01,3.230000e+00,-2.731341e-02,3.256302e-01,-3.148439e-02,3.778580e-01
0,3.331884e-01,3.240000e+00,-2.405545e-02,3.259641e-01,-2.770387e-02,3.782356e-01
0,3.543459e-01,3.250000e+00,-2.079412e-02,3.263023e-01,-2.391989e-02,3.785498e-01
0,3.755313e-01,3.260000e+00,-1.752939e-02,3.266429e-01,-2.013309e-02,3.788006e-01
0,3.967419e-01,3.270000e+00,-1.426126e-02,3.269827e-01,-1.634409e-02,3.789883e-01
0,4.179728e-01,3.280000e+00,-1.098975e-02,3.273171e-01,-1.255353e-02,3.791129e-01
0,4.392169e-01,3.290000e+00,-7.714955e-03,3.276405e-01,-8.762043e-03,3.791749e-01
0,4.604645e-01,3.300000e+00,-4.437005e-03,3.279460e-01,-4.970245e-03,3.791744e-01
0,4.817044e-01,3.310000e+00,-1.156121e-03,3.282260e-01,-1.178761e-03,3.791120e-01
0,5.029232e-01,3.320000e+00,2.127402e-03,3.284722e-01,2.611790e-03,3.789880e-01
5.000000e-02,5.241063e-01,3.330000e+00,5.388670e-03,3.237753e-01,6.376272e-03,3.738985e-01
5.000000e-02,5.374639e-01,3.340000e+00,8.602802e-03,3.190465e-01,1.008956e-02,3.687496e-01
5.000000e-02,5.504733e-01,3.350000e+00,1.176952e-02,3.142928e-01,1.375107e-02,3.635418e-01
5.000000e-02,5.631438e-01,3.360000e+00,1.488860e-02,3.095208e-01,1.736020e-02,3.582756e-01
5.000000e-02,5.754839e-01,3.370000e+00,1.795989e-02,3.047360e-01,2.091639e-02,3.529516e-01
5.000000e-02,5.875015e-01,3.380000e+00,2.098329e-02,2.999431e-01,2.441905e-02,3.475706e-01
5.000000e-02,5.992030e-01,3.390000e+00,2.395874e-02,2.951457e-01,2.786761e-02,3.421333e-01
5.000000e-02,6.105939e-01,3.400000e+00,2.688620e-02,2.903464e-01,3.126153e-02,3.366405e-01
5.000000e-02,6.216778e-01,3.410000e+00,2.976566e-02,2.855466e-01,3.460024e-02,3.310930e-01
5.000000e-02,6.324569e-01,3.420000e+00,3.259713e-02,2.807467e-01,3.788321e-02,3.254918e-01
5.000000e-02,6.429317e-01,3.430000e+00,3.538059e-02,2.759457e-01,4.110990e-02,3.198378e-01
5.000000e-02,6.531007e-01,3.440000e+00,3.811603e-02,2.711416e-01,4.427979e-02,3.141321e-01
5.000000e-02,6.629608e-01,3.450000e+00,4.080340e-02,2.663315e-01,4.739237e-02,3.083758e-01
5.000000e-02,6.725071e-01,3.460000e+00,4.344263e-02,2.615116e-01,5.044714e-02,3.025701e-01
5.000000e-02,6.817330e-01,3.470000e+00,4.603359e-02,2.566771e-01,5.344361e-02,2.967162e-01
5.000000e-02,6.906306e-01,3.480000e+00,4.857611e-02,2.518228e-01,5.638131e-02,2.908153e-01
5.000000e-02,6.991904e-01,3.490000e+00,5.106996e-02,2.469427e-01,5.925977e-02,2.848687e-01
5.000000e-02,7.074019e-01,3.500000e+00,5.351486e-02,2.420309e-01,6.207854e-02,2.788778e-01
5.000000e-02,7.152539e-01,3.510000e+00,5.591045e-02,2.370809e-01,6.483718e-02,2.728437e-01
5.000000e-02,7.227344e-01,3.520000e+00,5.825633e-02,2.320867e-01,6.753527e-02,2.667680e-01
5.000000e-02,7.298310e-01,3.530000e+00,6.055201e-02,2.270421e-01,7.017240e-02,2.606518e-01
5.000000e-02,7.365316e-01,3.540000e+00,6.279698e-02,2.219417e-01,7.274818e-02,2.544965e-01
5.000000e-02,7.428239e-01,3.550000e+00,6.499065e-02,2.167804e-01,7.526221e-02,2.483034e-01
5.000000e-02,7.486966e-01,3.560000e+00,6.713237e-02,2.115539e-01,7.771412e-02,2.420736e-01
5.000000e-02,7.541389e-01,3.570000e+00,6.922149e-02,2.062586e-01,8.010356e-02,2.358086e-01
5.000000e-02,7.591412e-01,3.580000e+00,7.125731e-02,2.008922e-01,8.243018e-02,2.295093e-01
5.000000e-02,7.636952e-01,3.590000e+00,7.323910e-02,1.954532e-01,8.469364e-02,2.231770e-01
5.000000e-02,7.677940e-01,3.600000e+00,7.516613e-02,1.899411e-01,8.689361e-02,2.168127e-01
5.000000e-02,7.714323e-01,3.610000e+00,7.703768e-02,1.843567e-01,8.902979e-02,2.104175e-01
5.000000e-02,7.746068e-01,3.620000e+00,7.885303e-02,1.787019e-01,9.110186e-02,2.039923e-01
5.000000e-02,7.773159e-01,3.630000e+00,8.061149e-02,1.729797e-01,9.310954e-02,1.975381e-01
5.000000e-02,7.795597e-01,3.640000e+00,8.231241e-02,1.671940e-01,9.505253e-02,1.910557e-01
5.000000e-02,7.813403e-01,3.650000e+00,8.395517e-02,1.613498e-01,9.693056e-02,1.845461e-01
5.000000e-02,7.826617e-01,3.660000e+00,8.553923e-02,1.554529e-01,9.874336e-02,1.780100e-01
5.000000e-02,7.835292e-01,3.670000e+00,8.706408e-02,1.495099e-01,1.004907e-01,1.714483e-01
5.000000e-02,7.839499e-01,3.680000e+00,8.852930e-02,1.435278e-01,1.021722e-01,1.648615e-01
5.000000e-02,7.839321e-01,3.690000e+00,8.993453e-02,1.375141e-01,1.037878e-01,1.582506e-01
5.000000e-02,7.834854e-01,3.700000e+00,9.127950e-02,1.314767e-01,1.053372e-01,1.516162e-01
5.000000e-02,7.826198e-01,3.710000e+00,9.256401e-02,1.254233e-01,1.068201e-01,1.449590e-01
5.000000e-02,7.813464e-01,3.720000e+00,9.378794e-02,1.193616e-01,1.082363e-01,1.382798e-01
5.000000e-02,7.796764e-01,3.730000e+00,9.495124e-02,1.132990e-01,1.095856e-01,1.315794e-01
5.000000e-02,7.776210e-01,3.740000e+00,9.605394e-02,1.072426e-01,1.108678e-01,1.248585e-01
5.000000e-02,7.751913e-01,3.750000e+00,9.709613e-02,1.011986e-01,1.120827e-01,1.181180e-01
5.000000e-02,7.723976e-01,3.760000e+00,9.807797e-02,9.517278e-02,1.132301e-01,1.113586e-01
5.000000e-02,7.692498e-01,3.770000e+00,9.899966e-02,8.916979e-02,1.143098e-01,1.045813e-01
5.000000e-02,7.657564e-01,3.780000e+00,9.986145e-02,8.319346e-02,1.153217e-01,9.778711e-02
5.000000e-02,7.619251e-01,3.790000e+00,1.006636e-01,7.724659e-02,1.162655e-01,9.097692e-02
5.000000e-02,7.577619e-01,3.800000e+00,1.014065e-01,7.133087e-02,1.171412e-01,8.415184e-02
5.000000e-02,7.532714e-01,3.810000e+00,1.020904e-01,6.544693e-02,1.179485e-01,7.731296e-02
5.000000e-02,7.484565e-01,3.820000e+00,1.027155e-01,5.959431e-02,1.186874e-01,7.046146e-02
5.000000e-02,7.433186e-01,3.830000e+00,1.032823e-01,5.377153e-02,1.193577e-01,6.359856e-02
5.000000e-02,7.378573e-01,3.840000e+00,1.037911e-01,4.797614e-02,1.199593e-01,5.672551e-02
5.000000e-02,7.320706e-01,3.850000e+00,1.042419e-01,4.220479e-02,1.204922e-01,4.984364e-02
5.000000e-02,7.259550e-01,3.860000e+00,1.046352e-01,3.645339e-02,1.209562e-01,4.295429e-02
5.000000e-02,7.195054e-01,3.870000e+00,1.049711e-01,3.071720e-02,1.213512e-01,3.605884e-02
5.000000e-02,7.127156e-01,3.880000e+00,1.052496e-01,2.499099e-02,1.216773e-01,2.915871e-02
5.000000e-02,7.055783e-01,3.890000e+00,1.054709e-01,1.926922e-02,1.219344e-01,2.225532e-02
5.000000e-02,6.980854e-01,3.900000e+00,1.056350e-01,1.354619e-02,1.221224e-01,1.535009e-02
5.000000e-02,6.902280e-01,3.910000e+00,1.057418e-01,7.816194e-03,1.222414e-01,8.444461e-03
5.000000e-02,6.819970e-01,3.920000e+00,1.057913e-01,2.073733e-03,1.222913e-01,1.539854e-03
5.000000e-02,6.733834e-01,3.930000e+00,1.057832e-01,-3.686355e-03,1.222722e-01,-5.362329e-03
0,6.643780e-01,3.940000e+00,1.057420e-01,-4.568037e-03,1.222086e-01,-7.356284e-03
0,6.627461e-01,3.950000e+00,1.056917e-01,-5.495614e-03,1.221251e-01,-9.346247e-03
0,6.609857e-01,3.960000e+00,1.056318e-01,-6.488348e-03,1.220217e-01,-1.133094e-02
0,6.590632e-01,3.970000e+00,1.055617e-01,-7.563723e-03,1.218985e-01,-1.330919e-02
0,6.569469e-01,3.980000e+00,1.054802e-01,-8.736993e-03,1.217555e-01,-1.527990e-02
0,6.546072e-01,3.990000e+00,1.053865e-01,-1.002079e-02,1.215929e-01,-1.724214e-02
0,6.520180e-01,4,1.052794e-01,-1.142481e-02,1.214107e-01,-1.919510e-02
0,6.491567e-01,4.010000e+00,1.051576e-01,-1.295555e-02,1.212091e-01,-2.113814e-02
0,6.460056e-01,4.020000e+00,1.050199e-01,-1.461615e-02,1.209880e-01,-2.307078e-02
0,6.425514e-01,4.030000e+00,1.048649e-01,-1.640634e-02,1.207477e-01,-2.499271e-02
0,6.387866e-01,4.040000e+00,1.046913e-01,-1.832242e-02,1.204882e-01,-2.690381e-02
0,6.347086e-01,4.050000e+00,1.044980e-01,-2.035736e-02,1.202096e-01,-2.880408e-02
0,6.303206e-01,4.060000e+00,1.042838e-01,-2.250101e-02,1.199121e-01,-3.069372e-02
0,6.256312e-01,4.070000e+00,1.040477e-01,-2.474035e-02,1.195958e-01,-3.257305e-02
0,6.206542e-01,4.080000e+00,1.037887e-01,-2.705980e-02,1.192607e-01,-3.444252e-02
0,6.154082e-01,4.090000e+00,1.035063e-01,-2.944169e-02,1.189070e-01,-3.630269e-02
0,6.099160e-01,4.100000e+00,1.031998e-01,-3.186663e-02,1.185347e-01,-3.815419e-02
0,6.042046e-01,4.110000e+00,1.028689e-01,-3.431406e-02,1.181439e-01,-3.999773e-02
0,5.983038e-01,4.120000e+00,1.025135e-01,-3.676278e-02,1.177348e-01,-4.183405e-02
0,5.922458e-01,4.130000e+00,1.021337e-01,-3.919145e-02,1.173073e-01,-4.366387e-02
0,5.860644e-01,4.140000e+00,1.017298e-01,-4.157917e-02,1.168615e-01,-4.548793e-02
0,5.797940e-01,4.150000e+00,1.013023e-01,-4.390597e-02,1.163975e-01,-4.730689e-02
0,5.734688e-01,4.160000e+00,1.008519e-01,-4.615335e-02,1.159154e-01,-4.912137e-02
0,5.671222e-01,4.170000e+00,1.003796e-01,-4.830474e-02,1.154151e-01,-5.093188e-02
0,5.607853e-01,4.180000e+00,9.988621e-02,-5.034588e-02,1.148967e-01,-5.273881e-02
0,5.544870e-01,4.190000e+00,9.937305e-02,-5.226521e-02,1.143603e-01,-5.454243e-02
0,5.482526e-01,4.200000e+00,9.884134e-02,-5.405412e-02,1.138059e-01,-5.634286e-02
0,5.421034e-01,4.210000e+00,9.829242e-02,-5.570720e-02,1.132335e-01,-5.814008e-02
0,5.360563e-01,4.220000e+00,9.772766e-02,-5.722230e-02,1.126431e-01,-5.993388e-02
0,5.301233e-01,4.230000e+00,9.714843e-02,-5.860062e-02,1.120348e-01,-6.172392e-02
0,5.243114e-01,4.240000e+00,9.655609e-02,-5.984663e-02,1.114087e-01,-6.350968e-02
0,5.186221e-01,4.250000e+00,9.595191e-02,-6.096799e-02,1.107646e-01,-6.529049e-02
0,5.130516e-01,4.260000e+00,9.533711e-02,-6.197524e-02,1.101029e-01,-6.706553e-02
0,5.075911e-01,4.270000e+00,9.471274e-02,-6.288163e-02,1.094234e-01,-6.883387e-02
0,5.022269e-01,4.280000e+00,9.407976e-02,-6.370267e-02,1.087262e-01,-7.059445e-02
0,4.969408e-01,4.290000e+00,9.343892e-02,-6.445578e-02,1.080115e-01,-7.234614e-02
0,4.917104e-01,4.300000e+00,9.279081e-02,-6.515979e-02,1.072793e-01,-7.408771e-02
0,4.865104e-01,4.310000e+00,9.213582e-02,-6.583447e-02,1.065298e-01,-7.581791e-02
0,4.813124e-01,4.320000e+00,9.147415e-02,-6.650002e-02,1.057630e-01,-7.753547e-02
0,4.760862e-01,4.330000e+00,9.080578e-02,-6.717651e-02,1.049791e-01,-7.923912e-02
0,4.708007e-01,4.340000e+00,9.013052e-02,-6.788340e-02,1.041783e-01,-8.092763e-02
0,4.654242e-01,4.350000e+00,8.944795e-02,-6.863899e-02,1.033606e-01,-8.259982e-02
0,4.599257e-01,4.360000e+00,8.875752e-02,-6.945999e-02,1.025263e-01,-8.425460e-02
0,4.542757e-01,4.370000e+00,8.805848e-02,-7.036110e-02,1.016756e-01,-8.589097e-02
0,4.484467e-01,4.380000e+00,8.734999e-02,-7.135456e-02,1.008086e-01,-8.750807e-02
0,4.424141e-01,4.390000e+00,8.663105e-02,-7.244993e-02,9.992550e-02,-8.910516e-02
0,4.361570e-01,4.400000e+00,8.590063e-02,-7.365377e-02,9.902655e-02,-9.068166e-02
0,4.296585e-01,4.410000e+00,8.515760e-02,-7.496953e-02,9.811194e-02,-9.223714e-02
0,4.229063e-01,4.420000e+00,8.440086e-02,-7.639744e-02,9.718188e-02,-9.377134e-02
0,4.158927e-01,4.430000e+00,8.362929e-02,-7.793452e-02,9.623658e-02,-9.528414e-02
0,4.086155e-01,4.440000e+00,8.284183e-02,-7.957465e-02,9.527626e-02,-9.677561e-02
0,4.010775e-01,4.450000e+00,8.203748e-02,-8.130874e-02,9.430114e-02,-9.824593e-02
0,3.932865e-01,4.460000e+00,8.121538e-02,-8.312496e-02,9.331141e-02,-9.969546e-02
0,3.852552e-01,4.470000e+00,8.037476e-02,-8.500906e-02,9.230730e-02,-1.011246e-01
0,3.770012e-01,4.480000e+00,7.951503e-02,-8.694473e-02,9.128899e-02,-1.025341e-01
0,3.685459e-01,4.490000e+00,7.863575e-02,-8.891402e-02,9.025668e-02,-1.039243e-01
0,3.599145e-01,4.500000e+00,7.773670e-02,-9.089781e-02,8.921056e-02,-1.052962e-01
0,3.511353e-01,4.510000e+00,7.681781e-02,-9.287629e-02,8.815081e-02,-1.066504e-01
0,3.422388e-01,4.520000e+00,7.587926e-02,-9.482945e-02,8.707761e-02,-1.079877e-01
0,3.332569e-01,4.530000e+00,7.492137e-02,-9.673764e-02,8.599111e-02,-1.093088e-01
0,3.242226e-01,4.540000e+00,7.394472e-02,-9.858200e-02,8.489149e-02,-1.106145e-01
0,3.151686e-01,4.550000e+00,7.295001e-02,-1.003450e-01,8.377887e-02,-1.119053e-01
0,3.061267e-01,4.560000e+00,7.193814e-02,-1.020109e-01,8.265343e-02,-1.131819e-01
0,2.971271e-01,4.570000e+00,7.091016e-02,-1.035659e-01,8.151528e-02,-1.144447e-01
0,2.881976e-01,4.580000e+00,6.986723e-02,-1.049990e-01,8.036458e-02,-1.156941e-01
0,2.793631e-01,4.590000e+00,6.881061e-02,-1.063017e-01,7.920144e-02,-1.169302e-01
0,2.706446e-01,4.600000e+00,6.774165e-02,-1.074686e-01,7.802602e-02,-1.181532e-01
0,2.620590e-01,4.610000e+00,6.666170e-02,-1.084972e-01,7.683842e-02,-1.193629e-01
0,2.536188e-01,4.620000e+00,6.557216e-02,-1.093883e-01,7.563880e-02,-1.205591e-01
0,2.453316e-01,4.630000e+00,6.447438e-02,-1.101458e-01,7.442729e-02,-1.217414e-01
0,2.371999e-01,4.640000e+00,6.336967e-02,-1.107765e-01,7.320402e-02,-1.229094e-01
0,2.292214e-01,4.650000e+00,6.225924e-02,-1.112900e-01,7.196915e-02,-1.240622e-01
0,2.213888e-01,4.660000e+00,6.114422e-02,-1.116985e-01,7.072283e-02,-1.251993e-01
0,2.136904e-01,4.670000e+00,6.002557e-02,-1.120163e-01,6.946522e-02,-1.263196e-01
0,2.061100e-01,4.680000e+00,5.890414e-02,-1.122597e-01,6.819650e-02,-1.274222e-01
0,1.986277e-01,4.690000e+00,5.778057e-02,-1.124462e-01,6.691684e-02,-1.285060e-01
0,1.912202e-01,4.700000e+00,5.665534e-02,-1.125945e-01,6.562644e-02,-1.295701e-01
0,1.838617e-01,4.710000e+00,5.552874e-02,-1.127235e-01,6.432551e-02,-1.306132e-01
0,1.765245e-01,4.720000e+00,5.440087e-02,-1.128521e-01,6.301425e-02,-1.316342e-01
0,1.691797e-01,4.730000e+00,5.327164e-02,-1.129990e-01,6.169290e-02,-1.326322e-01
0,1.617981e-01,4.740000e+00,5.214078e-02,-1.131814e-01,6.036169e-02,-1.336060e-01
0,1.543507e-01,4.750000e+00,5.100784e-02,-1.134155e-01,5.902087e-02,-1.345548e-01
0,1.468100e-01,4.760000e+00,4.987225e-02,-1.137154e-01,5.767068e-02,-1.354777e-01
0,1.391500e-01,4.770000e+00,4.873327e-02,-1.140931e-01,5.631140e-02,-1.363739e-01
0,1.313478e-01,4.780000e+00,4.759009e-02,-1.145579e-01,5.494329e-02,-1.372429e-01
0,1.233835e-01,4.790000e+00,4.644180e-02,-1.151166e-01,5.356664e-02,-1.380842e-01
0,1.152409e-01,4.800000e+00,4.528744e-02,-1.157729e-01,5.218170e-02,-1.388974e-01
0,1.069081e-01,4.810000e+00,4.412602e-02,-1.165275e-01,5.078878e-02,-1.396825e-01
0,9.837769e-02,4.820000e+00,4.295657e-02,-1.173781e-01,4.938815e-02,-1.404393e-01
0,8.964715e-02,4.830000e+00,4.177815e-02,-1.183196e-01,4.798009e-02,-1.411681e-01
0,8.071865e-02,4.840000e+00,4.058990e-02,-1.193438e-01,4.656488e-02,-1.418691e-01
0,7.159922e-02,4.850000e+00,3.939103e-02,-1.204401e-01,4.514280e-02,-1.425427e-01
0,6.230049e-02,4.860000e+00,3.818090e-02,-1.215954e-01,4.371411e-02,-1.431895e-01
0,5.283851e-02,4.870000e+00,3.695898e-02,-1.227950e-01,4.227910e-02,-1.438100e-01
0,4.323324e-02,4.880000e+00,3.572491e-02,-1.240220e-01,4.083800e-02,-1.444050e-01
0,3.350817e-02,4.890000e+00,3.447850e-02,-1.252589e-01,3.939108e-02,-1.449753e-01
0,2.368966e-02,4.900000e+00,3.321976e-02,-1.264873e-01,3.793857e-02,-1.455217e-01
0,1.380636e-02,4.910000e+00,3.194885e-02,-1.276883e-01,3.648072e-02,-1.460450e-01
0,3.888421e-03,4.920000e+00,3.066614e-02,-1.288436e-01,3.501775e-02,-1.465461e-01
0,-6.033165e-03,4.930000e+00,2.937219e-02,-1.299354e-01,3.354987e-02,-1.470257e-01
0,-1.592738e-02,4.940000e+00,2.806770e-02,-1.309473e-01,3.207730e-02,-1.474845e-01
0,-2.576393e-02,4.950000e+00,2.675356e-02,-1.318641e-01,3.060025e-02,-1.479233e-01
0,-3.551398e-02,4.960000e+00,2.543078e-02,-1.326730e-01,2.911890e-02,-1.483426e-01
0,-4.515084e-02,4.970000e+00,2.410050e-02,-1.333631e-01,2.763346e-02,-1.487428e-01
0,-5.465064e-02,4.980000e+00,2.276394e-02,-1.339263e-01,2.614411e-02,-1.491244e-01
0,-6.399288e-02,4.990000e+00,2.142241e-02,-1.343571e-01,2.465103e-02,-1.494874e-01
0,-7.316089e-02,5,2.007725e-02,-1.346531e-01,2.315442e-02,-1.498321e-01
0,-8.214226e-02,5.010000e+00,1.872980e-02,-1.348146e-01,2.165445e-02,-1.501582e-01
0,-9.092906e-02,5.020000e+00,1.738139e-02,-1.348449e-01,2.015132e-02,-1.504657e-01
0,-9.951801e-02,5.030000e+00,1.603332e-02,-1.347503e-01,1.864520e-02,-1.507541e-01
0,-1.079105e-01,5.040000e+00,1.468678e-02,-1.345394e-01,1.713630e-02,-1.510230e-01
0,-1.161127e-01,5.050000e+00,1.334288e-02,-1.342235e-01,1.562481e-02,-1.512718e-01
0,-1.241348e-01,5.060000e+00,1.200261e-02,-1.338159e-01,1.411093e-02,-1.514998e-01
0,-1.319914e-01,5.070000e+00,1.066682e-02,-1.333317e-01,1.259488e-02,-1.517062e-01
0,-1.397007e-01,5.080000e+00,9.336178e-03,-1.327875e-01,1.107688e-02,-1.518902e-01
0,-1.472840e-01,5.090000e+00,8.011209e-03,-1.322007e-01,9.557158e-03,-1.520510e-01
0,-1.547650e-01,5.100000e+00,6.692247e-03,-1.315892e-01,8.035945e-03,-1.521875e-01
0,-1.621696e-01,5.110000e+00,5.379448e-03,-1.309709e-01,6.513491e-03,-1.522990e-01
0,-1.695247e-01,5.120000e+00,4.072792e-03,-1.303635e-01,4.990052e-03,-1.523845e-01
0,-1.768578e-01,5.130000e+00,2.772086e-03,-1.297836e-01,3.465890e-03,-1.524433e-01
0,-1.841960e-01,5.140000e+00,1.476977e-03,-1.292466e-01,1.941278e-03,-1.524745e-01
0,-1.915653e-01,5.150000e+00,1.869652e-04,-1.287662e-01,4.164938e-04,-1.524775e-01
0,-1.989904e-01,5.160000e+00,-1.098575e-03,-1.283540e-01,-1.108177e-03,-1.524518e-01
-5.000000e-02,-2.064932e-01,5.170000e+00,-2.355861e-03,-1.231187e-01,-2.607922e-03,-1.474924e-01
-5.000000e-02,-2.063192e-01,5.180000e+00,-3.561296e-03,-1.179873e-01,-4.057931e-03,-1.425047e-01
-5.000000e-02,-2.059782e-01,5.190000e+00,-4.716021e-03,-1.129799e-01,-5.457920e-03,-1.374884e-01
-5.000000e-02,-2.055088e-01,5.200000e+00,-5.821363e-03,-1.081129e-01,-6.807604e-03,-1.324437e-01
-5.000000e-02,-2.049447e-01,5.210000e+00,-6.878788e-03,-1.033984e-01,-8.106700e-03,-1.273707e-01
-5.000000e-02,-2.043143e-01,5.220000e+00,-7.889866e-03,-9.884432e-02,-9.354926e-03,-1.222700e-01
-5.000000e-02,-2.036396e-01,5.230000e+00,-8.856221e-03,-9.445393e-02,-1.055201e-02,-1.171422e-01
-5.000000e-02,-2.029361e-01,5.240000e+00,-9.779486e-03,-9.022588e-02,-1.169768e-02,-1.119883e-01
-5.000000e-02,-2.022120e-01,5.250000e+00,-1.066126e-02,-8.615430e-02,-1.279169e-02,-1.068094e-01
-5.000000e-02,-2.014683e-01,5.260000e+00,-1.150306e-02,-8.222893e-02,-1.383379e-02,-1.016069e-01
-5.000000e-02,-2.006986e-01,5.270000e+00,-1.230628e-02,-7.843546e-02,-1.482376e-02,-9.638234e-02
-5.000000e-02,-1.998896e-01,5.280000e+00,-1.307215e-02,-7.475591e-02,-1.576137e-02,-9.113750e-02
-5.000000e-02,-1.990211e-01,5.290000e+00,-1.380171e-02,-7.116912e-02,-1.664645e-02,-8.587429e-02
-5.000000e-02,-1.980668e-01,5.300000e+00,-1.449576e-02,-6.765132e-02,-1.747880e-02,-8.059475e-02
-5.000000e-02,-1.969948e-01,5.310000e+00,-1.515488e-02,-6.417678e-02,-1.825829e-02,-7.530104e-02
-5.000000e-02,-1.957688e-01,5.320000e+00,-1.577935e-02,-6.071849e-02,-1.898478e-02,-6.999535e-02
-5.000000e-02,-1.943485e-01,5.330000e+00,-1.636921e-02,-5.724887e-02,-1.965817e-02,-6.467994e-02
-5.000000e-02,-1.926914e-01,5.340000e+00,-1.692420e-02,-5.374051e-02,-2.027836e-02,-5.935702e-02
-5.000000e-02,-1.907532e-01,5.350000e+00,-1.744380e-02,-5.016686e-02,-2.084529e-02,-5.402879e-02
-5.000000e-02,-1.884893e-01,5.360000e+00,-1.792724e-02,-4.650299e-02,-2.135892e-02,-4.869737e-02
-5.000000e-02,-1.858560e-01,5.370000e+00,-1.837348e-02,-4.272618e-02,-2.181923e-02,-4.336476e-02
-5.000000e-02,-1.828116e-01,5.380000e+00,-1.878132e-02,-3.881655e-02,-2.222622e-02,-3.803282e-02
-5.000000e-02,-1.793173e-01,5.390000e+00,-1.914932e-02,-3.475757e-02,-2.257990e-02,-3.270325e-02
-5.000000e-02,-1.753386e-01,5.400000e+00,-1.947593e-02,-3.053649e-02,-2.288030e-02,-2.737756e-02
-5.000000e-02,-1.708456e-01,5.410000e+00,-1.975948e-02,-2.614468e-02,-2.312747e-02,-2.205708e-02
-5.000000e-02,-1.658145e-01,5.420000e+00,-1.999824e-02,-2.157786e-02,-2.332146e-02,-1.674289e-02
-5.000000e-02,-1.602276e-01,5.430000e+00,-2.019045e-02,-1.683620e-02,-2.346235e-02,-1.143587e-02
-5.000000e-02,-1.540741e-01,5.440000e+00,-2.033439e-02,-1.192435e-02,-2.355020e-02,-6.136693e-03
-5.000000e-02,-1.473501e-01,5.450000e+00,-2.042840e-02,-6.851267e-03,-2.358511e-02,-8.457879e-04
-5.000000e-02,-1.400592e-01,5.460000e+00,-2.047092e-02,-1.630067e-03,-2.356715e-02,4.436601e-03
-5.000000e-02,-1.322119e-01,5.470000e+00,-2.046056e-02,3.722367e-03,-2.349641e-02,9.710420e-03
0,-1.238256e-01,5.480000e+00,-2.042062e-02,4.285097e-03,-2.339749e-02,1.007136e-02
0,-1.226978e-01,5.490000e+00,-2.037450e-02,4.955316e-03,-2.329500e-02,1.042525e-02
0,-1.213638e-01,5.500000e+00,-2.032119e-02,5.723685e-03,-2.318901e-02,1.077250e-02
0,-1.198315e-01,5.510000e+00,-2.025974e-02,6.578335e-03,-2.307957e-02,1.111363e-02
0,-1.181137e-01,5.520000e+00,-2.018938e-02,7.505182e-03,-2.296675e-02,1.144928e-02
0,-1.162271e-01,5.530000e+00,-2.010945e-02,8.488292e-03,-2.285060e-02,1.178016e-02
0,-1.141925e-01,5.540000e+00,-2.001948e-02,9.510294e-03,-2.273116e-02,1.210707e-02
0,-1.120338e-01,5.550000e+00,-1.991918e-02,1.055283e-02,-2.260847e-02,1.243087e-02
0,-1.097777e-01,5.560000e+00,-1.980842e-02,1.159704e-02,-2.248255e-02,1.275242e-02
0,-1.074528e-01,5.570000e+00,-1.968729e-02,1.262401e-02,-2.235343e-02,1.307259e-02
0,-1.050890e-01,5.580000e+00,-1.955606e-02,1.361530e-02,-2.222110e-02,1.339224e-02
0,-1.027167e-01,5.590000e+00,-1.941516e-02,1.455341e-02,-2.208558e-02,1.371216e-02
0,-1.003658e-01,5.600000e+00,-1.926522e-02,1.542218e-02,-2.194686e-02,1.403311e-02
0,-9.806539e-02,5.610000e+00,-1.910700e-02,1.620724e-02,-2.180492e-02,1.435572e-02
0,-9.584266e-02,5.620000e+00,-1.894140e-02,1.689639e-02,-2.165974e-02,1.468055e-02
0,-9.372229e-02,5.630000e+00,-1.876943e-02,1.747985e-02,-2.151130e-02,1.500802e-02
0,-9.172587e-02,5.640000e+00,-1.859218e-02,1.795053e-02,-2.135957e-02,1.533842e-02
0,-8.987135e-02,5.650000e+00,-1.841080e-02,1.830421e-02,-2.120452e-02,1.567191e-02
0,-8.817258e-02,5.660000e+00,-1.822649e-02,1.853964e-02,-2.104612e-02,1.600849e-02
0,-8.663900e-02,5.670000e+00,-1.804040e-02,1.865853e-02,-2.088434e-02,1.634801e-02
0,-8.527536e-02,5.680000e+00,-1.785369e-02,1.866554e-02,-2.071915e-02,1.669021e-02
0,-8.408170e-02,5.690000e+00,-1.766744e-02,1.856810e-02,-2.055053e-02,1.703465e-02
0,-8.305332e-02,5.700000e+00,-1.748264e-02,1.837627e-02,-2.037845e-02,1.738080e-02
0,-8.218090e-02,5.710000e+00,-1.730019e-02,1.810241e-02,-2.020291e-02,1.772797e-02
0,-8.145082e-02,5.720000e+00,-1.712082e-02,1.776089e-02,-2.002389e-02,1.807542e-02
0,-8.084549e-02,5.730000e+00,-1.694514e-02,1.736772e-02,-1.984140e-02,1.842230e-02
0,-8.034382e-02,5.740000e+00,-1.677358e-02,1.694009e-02,-1.965545e-02,1.876772e-02
0,-7.992181e-02,5.750000e+00,-1.660639e-02,1.649598e-02,-1.946605e-02,1.911073e-02
0,-7.955312e-02,5.760000e+00,-1.644366e-02,1.605366e-02,-1.927324e-02,1.945038e-02
0,-7.920983e-02,5.770000e+00,-1.628525e-02,1.563121e-02,-1.907706e-02,1.978573e-02
0,-7.886313e-02,5.780000e+00,-1.613091e-02,1.524609e-02,-1.887755e-02,2.011588e-02
0,-7.848407e-02,5.790000e+00,-1.598015e-02,1.491466e-02,-1.867476e-02,2.043996e-02
0,-7.804431e-02,5.800000e+00,-1.583238e-02,1.465180e-02,-1.846877e-02,2.075720e-02
0,-7.751687e-02,5.810000e+00,-1.568685e-02,1.447047e-02,-1.825964e-02,2.106690e-02
0,-7.687680e-02,5.820000e+00,-1.554267e-02,1.438146e-02,-1.804746e-02,2.136849e-02
0,-7.610184e-02,5.830000e+00,-1.539888e-02,1.439306e-02,-1.783230e-02,2.166151e-02
0,-7.517297e-02,5.840000e+00,-1.525445e-02,1.451086e-02,-1.761426e-02,2.194564e-02
0,-7.407491e-02,5.850000e+00,-1.510830e-02,1.473766e-02,-1.739342e-02,2.222070e-02
0,-7.279651e-02,5.860000e+00,-1.495934e-02,1.507335e-02,-1.716988e-02,2.248664e-02
0,-7.133100e-02,5.870000e+00,-1.480648e-02,1.551495e-02,-1.694372e-02,2.274358e-02
0,-6.967621e-02,5.880000e+00,-1.464870e-02,1.605670e-02,-1.671503e-02,2.299174e-02
0,-6.783455e-02,5.890000e+00,-1.448504e-02,1.669019e-02,-1.648391e-02,2.323151e-02
0,-6.581299e-02,5.900000e+00,-1.431463e-02,1.740461e-02,-1.625043e-02,2.346337e-02
0,-6.362288e-02,5.910000e+00,-1.413672e-02,1.818702e-02,-1.601467e-02,2.368792e-02
0,-6.127958e-02,5.920000e+00,-1.395071e-02,1.902269e-02,-1.577669e-02,2.390584e-02
0,-5.880215e-02,5.930000e+00,-1.375614e-02,1.989548e-02,-1.553657e-02,2.411790e-02
0,-5.621281e-02,5.940000e+00,-1.355273e-02,2.078829e-02,-1.529435e-02,2.432488e-02
0,-5.353634e-02,5.950000e+00,-1.334037e-02,2.168344e-02,-1.505009e-02,2.452764e-02
0,-5.079951e-02,5.960000e+00,-1.311912e-02,2.256317e-02,-1.480381e-02,2.472700e-02
0,-4.803033e-02,5.970000e+00,-1.288922e-02,2.341010e-02,-1.455556e-02,2.492378e-02
0,-4.525737e-02,5.980000e+00,-1.265108e-02,2.420763e-02,-1.430534e-02,2.511876e-02
0,-4.250902e-02,5.990000e+00,-1.240528e-02,2.494042e-02,-1.405318e-02,2.531267e-02
0,-3.981278e-02,6,-1.215253e-02,2.559474e-02,-1.379909e-02,2.550614e-02
0,-3.719453e-02,6.010000e+00,-1.189369e-02,2.615881e-02,-1.354306e-02,2.569973e-02
0,-3.467791e-02,6.020000e+00,-1.162969e-02,2.662314e-02,-1.328509e-02,2.589386e-02
0,-3.228374e-02,6.030000e+00,-1.136158e-02,2.698072e-02,-1.302518e-02,2.608885e-02
0,-3.002944e-02,6.040000e+00,-1.109045e-02,2.722723e-02,-1.276331e-02,2.628487e-02
0,-2.792868e-02,6.050000e+00,-1.081741e-02,2.736109e-02,-1.249948e-02,2.648198e-02
0,-2.599098e-02,6.060000e+00,-1.054360e-02,2.738354e-02,-1.223367e-02,2.668008e-02
0,-2.422153e-02,6.070000e+00,-1.027010e-02,2.729859e-02,-1.196588e-02,2.687894e-02
0,-2.262105e-02,6.080000e+00,-9.997959e-03,2.711289e-02,-1.169609e-02,2.707820e-02
0,-2.118582e-02,6.090000e+00,-9.728145e-03,2.683554e-02,-1.142431e-02,2.727740e-02
0,-1.990777e-02,6.100000e+00,-9.461516e-03,2.647790e-02,-1.115054e-02,2.747593e-02
0,-1.877472e-02,6.110000e+00,-9.198811e-03,2.605323e-02,-1.087480e-02,2.767311e-02
0,-1.777073e-02,6.120000e+00,-8.940626e-03,2.557638e-02,-1.059709e-02,2.786819e-02
0,-1.687649e-02,6.130000e+00,-8.687404e-03,2.506339e-02,-1.031744e-02,2.806035e-02
0,-1.606987e-02,6.140000e+00,-8.439423e-03,2.453108e-02,-1.003589e-02,2.824874e-02
0,-1.532647e-02,6.150000e+00,-8.196789e-03,2.399662e-02,-9.752484e-03,2.843247e-02
0,-1.462031e-02,6.160000e+00,-7.959440e-03,2.347705e-02,-9.467263e-03,2.861070e-02
0,-1.392446e-02,6.170000e+00,-7.727143e-03,2.298891e-02,-9.180291e-03,2.878257e-02
0,-1.321177e-02,6.180000e+00,-7.499506e-03,2.254775e-02,-8.891636e-03,2.894731e-02
0,-1.245556e-02,6.190000e+00,-7.275984e-03,2.216777e-02,-8.601371e-03,2.910419e-02
0,-1.163032e-02,6.200000e+00,-7.055904e-03,2.186144e-02,-8.309580e-03,2.925256e-02
0,-1.071236e-02,6.210000e+00,-6.838475e-03,2.163923e-02,-8.016350e-03,2.939191e-02
0,-9.680446e-03,6.220000e+00,-6.622812e-03,2.150928e-02,-7.721774e-03,2.952180e-02
0,-8.516300e-03,6.230000e+00,-6.407963e-03,2.147723e-02,-7.425947e-03,2.964194e-02
0,-7.205104e-03,6.240000e+00,-6.192931e-03,2.154611e-02,-7.128968e-03,2.975216e-02
0,-5.735858e-03,6.250000e+00,-5.976703e-03,2.171622e-02,-6.830937e-03,2.985243e-02
0,-4.101665e-03,6.260000e+00,-5.758276e-03,2.198517e-02,-6.531952e-03,2.994285e-02
0,-2.299902e-03,6.270000e+00,-5.536686e-03,2.234791e-02,-6.232112e-03,3.002366e-02
0,-3.322740e-04,6.280000e+00,-5.311030e-03,2.279693e-02,-5.931510e-03,3.009521e-02
0,1.795227e-03,6.290000e+00,-5.080493e-03,2.332240e-02,-5.630237e-03,3.015797e-02
0,4.072490e-03,6.300000e+00,-4.844367e-03,2.391244e-02,-5.328378e-03,3.021252e-02
0,6.485545e-03,6.310000e+00,-4.602074e-03,2.455348e-02,-5.026012e-03,3.025951e-02
0,9.016932e-03,6.320000e+00,-4.353177e-03,2.523053e-02,-4.723211e-03,3.029967e-02
0,1.164615e-02,6.330000e+00,-4.097396e-03,2.592766e-02,-4.420039e-03,3.033378e-02
0,1.435018e-02,6.340000e+00,-3.834612e-03,2.662834e-02,-4.116552e-03,3.036264e-02
0,1.710410e-02,6.350000e+00,-3.564873e-03,2.731591e-02,-3.812801e-03,3.038706e-02
0,1.988169e-02,6.360000e+00,-3.288392e-03,2.797398e-02,-3.508823e-03,3.040784e-02
0,2.265613e-02,6.370000e+00,-3.005544e-03,2.858687e-02,-3.204653e-03,3.042576e-02
0,2.540067e-02,6.380000e+00,-2.716854e-03,2.913999e-02,-2.900316e-03,3.044151e-02
0,2.808931e-02,6.390000e+00,-2.422987e-03,2.962024e-02,-2.595828e-03,3.045575e-02
0,3.069746e-02,6.400000e+00,-2.124730e-03,3.001632e-02,-2.291204e-03,3.046903e-02
0,3.320256e-02,6.410000e+00,-1.822973e-03,3.031901e-02,-1.986449e-03,3.048179e-02
0,3.558467e-02,6.420000e+00,-1.518685e-03,3.052141e-02,-1.681568e-03,3.049438e-02
0,3.782689e-02,6.430000e+00,-1.212894e-03,3.061912e-02,-1.376562e-03,3.050700e-02
0,3.991589e-02,6.440000e+00,-9.066577e-04,3.061031e-02,-1.071428e-03,3.051976e-02
0,4.184213e-02,6.450000e+00,-6.010400e-04,3.049581e-02,-7.661661e-04,3.053259e-02
0,4.360014e-02,6.460000e+00,-2.970826e-04,3.027904e-02,-4.607763e-04,3.054535e-02
0,4.518864e-02,6.470000e+00,4.219399e-06,2.996592e-02,-1.552604e-04,3.055773e-02
0,4.661054e-02,6.480000e+00,3.019419e-04,2.956472e-02,1.503757e-04,3.056933e-02
0,4.787284e-02,6.490000e+00,5.952546e-04,2.908583e-02,4.561218e-04,3.057963e-02
0,4.898644e-02,6.500000e+00,8.834402e-04,2.854151e-02,7.619621e-04,3.058805e-02
0,4.996584e-02,6.510000e+00,1.165912e-03,2.794553e-02,1.067874e-03,3.059391e-02
5.000000e-02,5.082875e-02,6.520000e+00,1.417716e-03,2.241217e-02,1.349306e-03,2.569204e-02
0,4.382192e-02,6.530000e+00,1.638664e-03,2.177815e-02,1.606228e-03,2.569168e-02
0,4.423594e-02,6.540000e+00,1.853316e-03,2.115531e-02,1.863124e-03,2.568650e-02
0,4.462746e-02,6.550000e+00,2.061858e-03,2.055884e-02,2.119940e-03,2.567575e-02
0,4.502128e-02,6.560000e+00,2.264629e-03,2.000311e-02,2.376618e-03,2.565873e-02
0,4.544186e-02,6.570000e+00,2.462101e-03,1.950131e-02,2.633091e-03,2.563480e-02
0,4.591270e-02,6.580000e+00,2.654874e-03,1.906508e-02,2.889289e-03,2.560340e-02
0,4.645574e-02,6.590000e+00,2.843654e-03,1.870431e-02,3.145133e-03,2.556404e-02
0,4.709076e-02,6.600000e+00,3.029237e-03,1.842677e-02,3.400542e-03,2.551636e-02
0,4.783493e-02,6.610000e+00,3.212486e-03,1.823801e-02,3.655431e-03,2.546009e-02
0,4.870233e-02,6.620000e+00,3.394304e-03,1.814120e-02,3.909714e-03,2.539508e-02
0,4.970361e-02,6.630000e+00,3.575619e-03,1.813704e-02,4.163304e-03,2.532132e-02
5.000000e-02,5.084571e-02,6.640000e+00,3.732835e-03,1.332305e-02,4.391589e-03,2.033447e-02
0,4.435801e-02,6.650000e+00,3.866947e-03,1.351605e-02,4.594492e-03,2.024478e-02
0,4.550759e-02,6.660000e+00,4.003477e-03,1.380526e-02,4.796457e-03,2.014701e-02
0,4.682208e-02,6.670000e+00,4.143342e-03,1.418119e-02,4.997407e-03,2.004166e-02
0,4.829249e-02,6.680000e+00,4.287351e-03,1.463205e-02,5.197267e-03,1.992931e-02
0,4.990563e-02,6.690000e+00,4.436187e-03,1.514409e-02,5.395972e-03,1.981067e-02
5.000000e-02,5.164447e-02,6.700000e+00,4.565873e-03,1.080131e-02,5.568939e-03,1.478208e-02
0,4.571488e-02,6.710000e+00,4.676889e-03,1.140815e-02,5.716125e-03,1.465438e-02
0,4.736150e-02,6.720000e+00,4.794130e-03,1.204303e-02,5.862014e-03,1.452288e-02
0,4.909116e-02,6.730000e+00,4.917782e-03,1.268745e-02,6.006573e-03,1.438852e-02
5.000000e-02,5.087625e-02,6.740000e+00,5.023335e-03,8.421951e-03,6.125255e-03,9.347815e-03
0,4.491392e-02,6.750000e+00,5.110707e-03,9.049000e-03,6.218053e-03,9.211703e-03
0,4.644219e-02,6.760000e+00,5.204216e-03,9.646543e-03,6.309489e-03,9.075527e-03
0,4.796346e-02,6.770000e+00,5.303481e-03,1.019706e-02,6.399566e-03,8.940170e-03
0,4.944809e-02,6.780000e+00,5.407946e-03,1.068427e-02,6.488298e-03,8.806451e-03
5.000000e-02,5.086725e-02,6.790000e+00,5.492393e-03,6.192845e-03,6.551180e-03,3.770686e-03
0,4.442000e-02,6.800000e+00,5.556079e-03,6.531143e-03,6.588248e-03,3.643524e-03
0,4.534935e-02,6.810000e+00,5.622733e-03,6.784613e-03,6.624063e-03,3.519937e-03
0,4.616561e-02,6.820000e+00,5.691460e-03,6.944658e-03,6.658661e-03,3.400370e-03
0,4.684978e-02,6.830000e+00,5.761294e-03,7.005096e-03,6.692084e-03,3.285144e-03
0,4.738611e-02,6.840000e+00,5.831218e-03,6.962309e-03,6.724379e-03,3.174455e-03
0,4.776255e-02,6.850000e+00,5.900192e-03,6.815330e-03,6.755589e-03,3.068371e-03
0,4.797100e-02,6.860000e+00,5.967182e-03,6.565859e-03,6.785761e-03,2.966825e-03
0,4.800754e-02,6.870000e+00,6.031182e-03,6.218210e-03,6.814940e-03,2.869622e-03
0,4.787252e-02,6.880000e+00,6.091242e-03,5.779195e-03,6.843167e-03,2.776447e-03
0,4.757051e-02,6.890000e+00,6.146491e-03,5.257938e-03,6.870481e-03,2.686866e-03
0,4.711018e-02,6.900000e+00,6.196163e-03,4.665636e-03,6.896915e-03,2.600346e-03
0,4.650407e-02,6.910000e+00,6.239611e-03,4.015266e-03,6.922496e-03,2.516266e-03
0,4.576825e-02,6.920000e+00,6.276323e-03,3.321245e-03,6.947246e-03,2.433934e-03
0,4.492192e-02,6.930000e+00,6.305941e-03,2.599053e-03,6.971178e-03,2.352606e-03
0,4.398685e-02,6.940000e+00,6.328264e-03,1.864840e-03,6.994299e-03,2.271502e-03
0,4.298688e-02,6.950000e+00,6.343253e-03,1.135002e-03,7.016606e-03,2.189835e-03
0,4.194726e-02,6.960000e+00,6.351033e-03,4.257647e-04,7.038091e-03,2.106822e-03
0,4.089399e-02,6.970000e+00,6.351889e-03,-2.472359e-04,7.058736e-03,2.021712e-03
0,3.985319e-02,6.980000e+00,6.346258e-03,-8.693497e-04,7.078516e-03,1.933801e-03
0,3.885041e-02,6.990000e+00,6.334716e-03,-1.427286e-03,7.097400e-03,1.842453e-03
0,3.790995e-02,7,6.317965e-03,-1.909452e-03,7.115351e-03,1.747114e-03
0,3.705428e-02,7.010000e+00,6.296812e-03,-2.306239e-03,7.132328e-03,1.647332e-03
0,3.630345e-02,7.020000e+00,6.272150e-03,-2.610271e-03,7.148282e-03,1.542760e-03
0,3.567459e-02,7.030000e+00,6.244933e-03,-2.816577e-03,7.163166e-03,1.433173e-03
0,3.518146e-02,7.040000e+00,6.216152e-03,-2.922717e-03,7.176928e-03,1.318470e-03
0,3.483414e-02,7.050000e+00,6.186812e-03,-2.928836e-03,7.189518e-03,1.198677e-03
0,3.463876e-02,7.060000e+00,6.157900e-03,-2.837648e-03,7.200886e-03,1.073947e-03
0,3.459737e-02,7.070000e+00,6.130366e-03,-2.654358e-03,7.210982e-03,9.445568e-04
0,3.470789e-02,7.080000e+00,6.105095e-03,-2.386524e-03,7.219762e-03,8.108975e-04
0,3.496417e-02,7.090000e+00,6.082885e-03,-2.043852e-03,7.227187e-03,6.734673e-04
0,3.535618e-02,7.100000e+00,6.064429e-03,-1.637939e-03,7.233221e-03,5.328574e-04
0,3.587028e-02,7.110000e+00,6.050294e-03,-1.181970e-03,7.237836e-03,3.897373e-04
0,3.648957e-02,7.120000e+00,6.040908e-03,-6.903744e-04,7.241010e-03,2.448379e-04
0,3.719433e-02,7.130000e+00,6.036554e-03,-1.784500e-04,7.242729e-03,9.893274e-05
0,3.796256e-02,7.140000e+00,6.037355e-03,3.380325e-04,7.242988e-03,-4.718106e-05
0,3.877054e-02,7.150000e+00,6.043277e-03,8.432362e-04,7.241788e-03,-1.927033e-04
0,3.959342e-02,7.160000e+00,6.054130e-03,1.321666e-03,7.239138e-03,-3.368505e-04
0,4.040592e-02,7.170000e+00,6.069572e-03,1.758563e-03,7.235058e-03,-4.788757e-04
0,4.118292e-02,7.180000e+00,6.089117e-03,2.140286e-03,7.229570e-03,-6.180869e-04
0,4.190015e-02,7.190000e+00,6.112153e-03,2.454656e-03,7.222707e-03,-7.538643e-04
0,4.253478e-02,7.200000e+00,6.137951e-03,2.691262e-03,7.214506e-03,-8.856753e-04
0,4.306602e-02,7.210000e+00,6.165691e-03,2.841729e-03,7.205009e-03,-1.013088e-03
0,4.347566e-02,7.220000e+00,6.194478e-03,2.899922e-03,7.194260e-03,-1.135780e-03
0,4.374848e-02,7.230000e+00,6.223369e-03,2.862098e-03,7.182309e-03,-1.253548e-03
0,4.387270e-02,7.240000e+00,6.251395e-03,2.726997e-03,7.169206e-03,-1.366311e-03
0,4.384021e-02,7.250000e+00,6.277588e-03,2.495863e-03,7.155000e-03,-1.474111e-03
0,4.364683e-02,7.260000e+00,6.301004e-03,2.172408e-03,7.139740e-03,-1.577112e-03
0,4.329233e-02,7.270000e+00,6.320749e-03,1.762706e-03,7.123473e-03,-1.675595e-03
0,4.278050e-02,7.280000e+00,6.335998e-03,1.275035e-03,7.106242e-03,-1.769949e-03
0,4.211899e-02,7.290000e+00,6.346023e-03,7.196494e-04,7.088086e-03,-1.860661e-03
0,4.131912e-02,7.300000e+00,6.350205e-03,1.085197e-04,7.069039e-03,-1.948302e-03
0,4.039557e-02,7.310000e+00,6.348052e-03,-5.449856e-04,7.049128e-03,-2.033512e-03
0,3.936602e-02,7.320000e+00,6.339212e-03,-1.226445e-03,7.028374e-03,-2.116985e-03
0,3.825065e-02,7.330000e+00,6.323481e-03,-1.920759e-03,7.006792e-03,-2.199446e-03
0,3.707164e-02,7.340000e+00,6.300806e-03,-2.612537e-03,6.984386e-03,-2.281636e-03
0,3.585259e-02,7.350000e+00,6.271289e-03,-3.286494e-03,6.961157e-03,-2.364290e-03
0,3.461791e-02,7.360000e+00,6.235185e-03,-3.927846e-03,6.937097e-03,-2.448118e-03
0,3.339217e-02,7.370000e+00,6.192888e-03,-4.522679e-03,6.912189e-03,-2.533788e-03
0,3.219953e-02,7.380000e+00,6.144929e-03,-5.058313e-03,6.886413e-03,-2.621907e-03
0,3.106305e-02,7.390000e+00,6.091956e-03,-5.523616e-03,6.859741e-03,-2.713006e-03
0,3.000414e-02,7.400000e+00,6.034722e-03,-5.909288e-03,6.832141e-03,-2.807526e-03
0,2.904202e-02,7.410000e+00,5.974060e-03,-6.208092e-03,6.803578e-03,-2.905805e-03
0,2.819324e-02,7.420000e+00,5.910866e-03,-6.415034e-03,6.774012e-03,-3.008071e-03
0,2.747122e-02,7.430000e+00,5.846075e-03,-6.527481e-03,6.743403e-03,-3.114438e-03
0,2.688598e-02,7.440000e+00,5.780633e-03,-6.545225e-03,6.711709e-03,-3.224896e-03
0,2.644383e-02,7.450000e+00,5.715479e-03,-6.470476e-03,6.678891e-03,-3.339319e-03
0,2.614730e-02,7.460000e+00,5.651517e-03,-6.307801e-03,6.644910e-03,-3.457466e-03
0,2.599501e-02,7.470000e+00,5.589593e-03,-6.063995e-03,6.609731e-03,-3.578982e-03
0,2.598175e-02,7.480000e+00,5.530478e-03,-5.747900e-03,6.573321e-03,-3.703416e-03
0,2.609866e-02,7.490000e+00,5.474841e-03,-5.370175e-03,6.535655e-03,-3.830223e-03
0,2.633341e-02,7.500000e+00,5.423239e-03,-4.943009e-03,6.496711e-03,-3.958785e-03
0,2.667058e-02,7.510000e+00,5.376101e-03,-4.479810e-03,6.456475e-03,-4.088426e-03
0,2.709204e-02,7.520000e+00,5.333716e-03,-3.994852e-03,6.414941e-03,-4.218423e-03
0,2.757744e-02,7.530000e+00,5.296227e-03,-3.502906e-03,6.372108e-03,-4.348031e-03
0,2.810472e-02,7.540000e+00,5.263631e-03,-3.018860e-03,6.327984e-03,-4.476500e-03
0,2.865071e-02,7.550000e+00,5.235775e-03,-2.557337e-03,6.282584e-03,-4.603092e-03
0,2.919172e-02,7.560000e+00,5.212363e-03,-2.132316e-03,6.235931e-03,-4.727101e-03
0,2.970413e-02,7.570000e+00,5.192964e-03,-1.756779e-03,6.188053e-03,-4.847871e-03
0,3.016503e-02,7.580000e+00,5.177023e-03,-1.442378e-03,6.138986e-03,-4.964811e-03
0,3.055281e-02,7.590000e+00,5.163879e-03,-1.199141e-03,6.088771e-03,-5.077411e-03
0,3.084767e-02,7.600000e+00,5.152776e-03,-1.035220e-03,6.037454e-03,-5.185252e-03
0,3.103216e-02,7.610000e+00,5.142889e-03,-9.566842e-04,5.985083e-03,-5.288020e-03
0,3.109162e-02,7.620000e+00,5.133344e-03,-9.673755e-04,5.931711e-03,-5.385509e-03
0,3.101453e-02,7.630000e+00,5.123239e-03,-1.068812e-03,5.877391e-03,-5.477630e-03
0,3.079283e-02,7.640000e+00,5.111668e-03,-1.260159e-03,5.822176e-03,-5.564407e-03
0,3.042207e-02,7.650000e+00,5.097746e-03,-1.538257e-03,5.766120e-03,-5.645983e-03
0,2.990156e-02,7.660000e+00,5.080632e-03,-1.897707e-03,5.709273e-03,-5.722607e-03
0,2.923436e-02,7.670000e+00,5.059546e-03,-2.331024e-03,5.651683e-03,-5.794634e-03
0,2.842717e-02,7.680000e+00,5.033796e-03,-2.828824e-03,5.593394e-03,-5.862513e-03
0,2.749019e-02,7.690000e+00,5.002791e-03,-3.380082e-03,5.534445e-03,-5.926772e-03
0,2.643682e-02,7.700000e+00,4.966057e-03,-3.972412e-03,5.474869e-03,-5.988008e-03
0,2.528331e-02,7.710000e+00,4.923251e-03,-4.592392e-03,5.414693e-03,-6.046868e-03
0,2.404834e-02,7.720000e+00,4.874164e-03,-5.225914e-03,5.353937e-03,-6.104035e-03
0,2.275254e-02,7.730000e+00,4.818735e-03,-5.858544e-03,5.292616e-03,-6.160205e-03
0,2.141796e-02,7.740000e+00,4.757044e-03,-6.475894e-03,5.230734e-03,-6.216075e-03
0,2.006745e-02,7.750000e+00,4.689315e-03,-7.063994e-03,5.168293e-03,-6.272321e-03
0,1.872417e-02,7.760000e+00,4.615906e-03,-7.609646e-03,5.105284e-03,-6.329579e-03
0,1.741089e-02,7.770000e+00,4.537304e-03,-8.100761e-03,5.041696e-03,-6.388432e-03
0,1.614950e-02,7.780000e+00,4.454109e-03,-8.526667e-03,4.977509e-03,-6.449395e-03
0,1.496038e-02,7.790000e+00,4.367018e-03,-8.878376e-03,4.912700e-03,-6.512896e-03
0,1.386194e-02,7.800000e+00,4.276812e-03,-9.148809e-03,4.847241e-03,-6.579273e-03
0,1.287010e-02,7.810000e+00,4.184330e-03,-9.332975e-03,4.781104e-03,-6.648760e-03
0,1.199795e-02,7.820000e+00,4.090450e-03,-9.428086e-03,4.714255e-03,-6.721481e-03
0,1.125539e-02,7.830000e+00,3.996067e-03,-9.433627e-03,4.646663e-03,-6.797450e-03
0,1.064889e-02,7.840000e+00,3.902070e-03,-9.351359e-03,4.578296e-03,-6.876568e-03
0,1.018133e-02,7.850000e+00,3.809319e-03,-9.185267e-03,4.509122e-03,-6.958627e-03
0,9.851982e-03,7.860000e+00,3.718624e-03,-8.941450e-03,4.439114e-03,-7.043315e-03
0,9.656480e-03,7.870000e+00,3.630723e-03,-8.627957e-03,4.368248e-03,-7.130223e-03
0,9.586993e-03,7.880000e+00,3.546265e-03,-8.254573e-03,4.296504e-03,-7.218857e-03
0,9.632421e-03,7.890000e+00,3.465794e-03,-7.832566e-03,4.223867e-03,-7.308652e-03
0,9.778692e-03,7.900000e+00,3.389734e-03,-7.374388e-03,4.150329e-03,-7.398982e-03
0,1.000914e-02,7.910000e+00,3.318382e-03,-6.893354e-03,4.075888e-03,-7.489180e-03
0,1.030494e-02,7.920000e+00,3.251897e-03,-6.403295e-03,4.000549e-03,-7.578555e-03
0,1.064560e-02,7.930000e+00,3.190300e-03,-5.918205e-03,3.924322e-03,-7.666404e-03
0,1.100950e-02,7.940000e+00,3.133470e-03,-5.451876e-03,3.847228e-03,-7.752040e-03
0,1.137444e-02,7.950000e+00,3.081155e-03,-5.017548e-03,3.769291e-03,-7.834799e-03
0,1.171823e-02,7.960000e+00,3.032972e-03,-4.627568e-03,3.690544e-03,-7.914062e-03
0,1.201924e-02,7.970000e+00,2.988419e-03,-4.293079e-03,3.611023e-03,-7.989272e-03
0,1.225699e-02,7.980000e+00,2.946893e-03,-4.023733e-03,3.530773e-03,-8.059942e-03
0,1.241265e-02,7.990000e+00,2.907700e-03,-3.827454e-03,3.449841e-03,-8.125674e-03
0,1.246951e-02,8,2.870080e-03,-3.710232e-03,3.368277e-03,-8.186163e-03
0,1.241342e-02,8.010000e+00,2.833219e-03,-3.675984e-03,3.286136e-03,-8.241207e-03
0,1.223316e-02,8.020000e+00,2.796277e-03,-3.726450e-03,3.203472e-03,-8.290714e-03
0,1.192069e-02,8.030000e+00,2.758409e-03,-3.861166e-03,3.120340e-03,-8.334697e-03
0,1.147138e-02,8.040000e+00,2.718782e-03,-4.077474e-03,3.036796e-03,-8.373280e-03
0,1.088409e-02,8.050000e+00,2.676603e-03,-4.370602e-03,2.952892e-03,-8.406691e-03
0,1.016121e-02,8.060000e+00,2.631136e-03,-4.733790e-03,2.868678e-03,-8.435256e-03
0,9.308592e-03,8.070000e+00,2.581722e-03,-5.158472e-03,2.784201e-03,-8.459390e-03
0,8.335373e-03,8.080000e+00,2.527795e-03,-5.634502e-03,2.699503e-03,-8.479587e-03
0,7.253744e-03,8.090000e+00,2.468899e-03,-6.150418e-03,2.614621e-03,-8.496404e-03
0,6.078629e-03,8.100000e+00,2.404696e-03,-6.693739e-03,2.529584e-03,-8.510453e-03
0,4.827292e-03,8.110000e+00,2.334977e-03,-7.251293e-03,2.444419e-03,-8.522374e-03
0,3.518891e-03,8.120000e+00,2.259667e-03,-7.809551e-03,2.359142e-03,-8.532831e-03
0,2.173981e-03,8.130000e+00,2.178829e-03,-8.354983e-03,2.273765e-03,-8.542484e-03
0,8.139812e-04,8.140000e+00,2.092655e-03,-8.874397e-03,2.188293e-03,-8.551978e-03
0,-5.393692e-04,8.150000e+00,2.001469e-03,-9.355285e-03,2.102724e-03,-8.561926e-03
0,-1.864574e-03,8.160000e+00,1.905716e-03,-9.786134e-03,2.017051e-03,-8.572889e-03
0,-3.140926e-03,8.170000e+00,1.805947e-03,-1.015672e-02,1.931261e-03,-8.585367e-03
0,-4.349036e-03,8.180000e+00,1.702811e-03,-1.045838e-02,1.845337e-03,-8.599783e-03
0,-5.471321e-03,8.190000e+00,1.597033e-03,-1.068420e-02,1.759258e-03,-8.616473e-03
0,-6.492450e-03,8.200000e+00,1.489397e-03,-1.082922e-02,1.672999e-03,-8.635679e-03
0,-7.399731e-03,8.210000e+00,1.380728e-03,-1.089052e-02,1.586535e-03,-8.657539e-03
0,-8.183420e-03,8.220000e+00,1.271868e-03,-1.086733e-02,1.499839e-03,-8.682088e-03
0,-8.836965e-03,8.230000e+00,1.163659e-03,-1.076100e-02,1.412885e-03,-8.709257e-03
0,-9.357157e-03,8.240000e+00,1.056914e-03,-1.057500e-02,1.325646e-03,-8.738871e-03
0,-9.744207e-03,8.250000e+00,9.524060e-04,-1.031479e-02,1.238100e-03,-8.770659e-03
0,-1.000172e-02,8.260000e+00,8.508414e-04,-9.987679e-03,1.150227e-03,-8.804256e-03
0,-1.013659e-02,8.270000e+00,7.528457e-04,-9.602651e-03,1.062010e-03,-8.839217e-03
0,-1.015882e-02,8.280000e+00,6.589469e-04,-9.170113e-03,9.734397e-04,-8.875028e-03
0,-1.008124e-02,8.290000e+00,5.695633e-04,-8.701626e-03,8.845090e-04,-8.911116e-03
0,-9.919166e-03,8.300000e+00,4.849929e-04,-8.209606e-03,7.952185e-04,-8.946867e-03
0,-9.690023e-03,8.310000e+00,4.054065e-04,-7.707001e-03,7.055749e-04,-8.981641e-03
0,-9.412851e-03,8.320000e+00,3.308443e-04,-7.206956e-03,6.155911e-04,-9.014789e-03
0,-9.107833e-03,8.330000e+00,2.612154e-04,-6.722479e-03,5.252866e-04,-9.045669e-03
0,-8.795766e-03,8.340000e+00,1.963010e-04,-6.266103e-03,4.346873e-04,-9.073660e-03
0,-8.497518e-03,8.350000e+00,1.357605e-04,-5.849569e-03,3.438250e-04,-9.098185e-03
0,-8.233499e-03,8.360000e+00,7.914116e-05,-5.483523e-03,2.527369e-04,-9.118718e-03
0,-8.023126e-03,8.370000e+00,2.589057e-05,-5.177251e-03,1.614655e-04,-9.134800e-03
0,-7.884336e-03,8.380000e+00,-2.462892e-05,-4.938441e-03,7.005705e-05,-9.146054e-03
0,-7.833120e-03,8.390000e+00,-7.312301e-05,-4.772994e-03,-2.143853e-05,-9.152188e-03
0,-7.883120e-03,8.400000e+00,-1.203468e-04,-4.684876e-03,-1.129690e-04,-9.153007e-03
0,-8.045285e-03,8.410000e+00,-1.670850e-04,-4.676022e-03,-2.044806e-04,-9.148418e-03
0,-8.327596e-03,8.420000e+00,-2.141312e-04,-4.746296e-03,-2.959193e-04,-9.138428e-03
0,-8.734866e-03,8.430000e+00,-2.622675e-04,-4.893498e-03,-3.872315e-04,-9.123146e-03
0,-9.268630e-03,8.440000e+00,-3.122438e-04,-5.113426e-03,-4.783653e-04,-9.102782e-03
0,-9.927109e-03,8.450000e+00,-3.647584e-04,-5.399997e-03,-5.692712e-04,-9.077638e-03
0,-1.070527e-02,8.460000e+00,-4.204400e-04,-5.745401e-03,-6.599034e-04,-9.048101e-03
0,-1.159495e-02,8.470000e+00,-4.798316e-04,-6.140312e-03,-7.502201e-04,-9.014633e-03
0,-1.258509e-02,8.480000e+00,-5.433761e-04,-6.574132e-03,-8.401847e-04,-8.977759e-03
0,-1.366203e-02,8.490000e+00,-6.114053e-04,-7.035266e-03,-9.297659e-04,-8.938055e-03
0,-1.480983e-02,8.500000e+00,-6.841315e-04,-7.511423e-03,-1.018938e-03,-8.896129e-03
0,-1.601075e-02,8.510000e+00,-7.616417e-04,-7.989934e-03,-1.107683e-03,-8.852609e-03
0,-1.724563e-02,8.520000e+00,-8.438956e-04,-8.458080e-03,-1.195987e-03,-8.808126e-03
0,-1.849445e-02,8.530000e+00,-9.307271e-04,-8.903416e-03,-1.283845e-03,-8.763297e-03
0,-1.973680e-02,8.540000e+00,-1.021848e-03,-9.314093e-03,-1.371254e-03,-8.718712e-03
0,-2.095245e-02,8.550000e+00,-1.116857e-03,-9.679158e-03,-1.458221e-03,-8.674914e-03
0,-2.212182e-02,8.560000e+00,-1.215247e-03,-9.988832e-03,-1.544757e-03,-8.632390e-03
0,-2.322650e-02,8.570000e+00,-1.316421e-03,-1.023476e-02,-1.630875e-03,-8.591556e-03
0,-2.424973e-02,8.580000e+00,-1.419707e-03,-1.041022e-02,-1.716595e-03,-8.552750e-03
0,-2.517678e-02,8.590000e+00,-1.524374e-03,-1.051029e-02,-1.801937e-03,-8.516219e-03
0,-2.599538e-02,8.600000e+00,-1.629651e-03,-1.053196e-02,-1.886927e-03,-8.482117e-03
0,-2.669598e-02,8.610000e+00,-1.734748e-03,-1.047423e-02,-1.971588e-03,-8.450499e-03
0,-2.727199e-02,8.620000e+00,-1.838874e-03,-1.033810e-02,-2.055945e-03,-8.421321e-03
0,-2.771998e-02,8.630000e+00,-1.941258e-03,-1.012655e-02,-2.140022e-03,-8.394443e-03
0,-2.803969e-02,8.640000e+00,-2.041170e-03,-9.844453e-03,-2.223841e-03,-8.369631e-03
0,-2.823406e-02,8.650000e+00,-2.137934e-03,-9.498455e-03,-2.307421e-03,-8.346563e-03
0,-2.830917e-02,8.660000e+00,-2.230953e-03,-9.096788e-03,-2.390777e-03,-8.324840e-03
0,-2.827400e-02,8.670000e+00,-2.319716e-03,-8.649058e-03,-2.473920e-03,-8.303996e-03
0,-2.814027e-02,8.680000e+00,-2.403816e-03,-8.165993e-03,-2.556858e-03,-8.283509e-03
0,-2.792207e-02,8.690000e+00,-2.482957e-03,-7.659164e-03,-2.639590e-03,-8.262815e-03
0,-2.763551e-02,8.700000e+00,-2.556961e-03,-7.140687e-03,-2.722111e-03,-8.241325e-03
0,-2.729830e-02,8.710000e+00,-2.625773e-03,-6.622907e-03,-2.804412e-03,-8.218438e-03
0,-2.692928e-02,8.720000e+00,-2.689462e-03,-6.118085e-03,-2.886474e-03,-8.193558e-03
0,-2.654796e-02,8.730000e+00,-2.748218e-03,-5.638080e-03,-2.968274e-03,-8.166107e-03
0,-2.617396e-02,8.740000e+00,-2.802344e-03,-5.194046e-03,-3.049785e-03,-8.135545e-03
0,-2.582656e-02,8.750000e+00,-2.852252e-03,-4.796153e-03,-3.130973e-03,-8.101378e-03
0,-2.552417e-02,8.760000e+00,-2.898451e-03,-4.453321e-03,-3.211799e-03,-8.063176e-03
0,-2.528387e-02,8.770000e+00,-2.941527e-03,-4.173004e-03,-3.292222e-03,-8.020581e-03
0,-2.512098e-02,8.780000e+00,-2.982139e-03,-3.960996e-03,-3.372195e-03,-7.973315e-03
0,-2.504866e-02,8.790000e+00,-3.020989e-03,-3.821293e-03,-3.451672e-03,-7.921191e-03
0,-2.507759e-02,8.800000e+00,-3.058813e-03,-3.755993e-03,-3.530603e-03,-7.864117e-03
0,-2.521568e-02,8.810000e+00,-3.096357e-03,-3.765251e-03,-3.608938e-03,-7.802093e-03
0,-2.546791e-02,8.820000e+00,-3.134360e-03,-3.847280e-03,-3.686628e-03,-7.735219e-03
0,-2.583617e-02,8.830000e+00,-3.173533e-03,-3.998402e-03,-3.763627e-03,-7.663685e-03
0,-2.631925e-02,8.840000e+00,-3.214541e-03,-4.213154e-03,-3.839888e-03,-7.587773e-03
0,-2.691287e-02,8.850000e+00,-3.257985e-03,-4.484427e-03,-3.915369e-03,-7.507843e-03
0,-2.760978e-02,8.860000e+00,-3.304389e-03,-4.803658e-03,-3.990032e-03,-7.424328e-03
0,-2.840001e-02,8.870000e+00,-3.354185e-03,-5.161056e-03,-4.063845e-03,-7.337723e-03
0,-2.927105e-02,8.880000e+00,-3.407702e-03,-5.545855e-03,-4.136778e-03,-7.248570e-03
0,-3.020825e-02,8.890000e+00,-3.465156e-03,-5.946594e-03,-4.208810e-03,-7.157446e-03
0,-3.119518e-02,8.900000e+00,-3.526647e-03,-6.351416e-03,-4.279923e-03,-7.064946e-03
0,-3.221403e-02,8.910000e+00,-3.592158e-03,-6.748369e-03,-4.350106e-03,-6.971672e-03
0,-3.324611e-02,8.920000e+00,-3.661549e-03,-7.125721e-03,-4.419356e-03,-6.878216e-03
0,-3.427231e-02,8.930000e+00,-3.734569e-03,-7.472253e-03,-4.487672e-03,-6.785141e-03
0,-3.527357e-02,8.940000e+00,-3.810857e-03,-7.777551e-03,-4.555061e-03,-6.692975e-03
0,-3.623144e-02,8.950000e+00,-3.889952e-03,-8.032268e-03,-4.621536e-03,-6.602191e-03
0,-3.712846e-02,8.960000e+00,-3.971307e-03,-8.228364e-03,-4.687111e-03,-6.513197e-03
0,-3.794866e-02,8.970000e+00,-4.054302e-03,-8.359303e-03,-4.751807e-03,-6.426331e-03
0,-3.867796e-02,8.980000e+00,-4.138259e-03,-8.420224e-03,-4.815646e-03,-6.341843e-03
0,-3.930452e-02,8.990000e+00,-4.222462e-03,-8.408053e-03,-4.878652e-03,-6.259899e-03
0,-3.981900e-02,9,-4.306172e-03,-8.321582e-03,-4.940853e-03,-6.180573e-03
0,-4.021486e-02,9.010000e+00,-4.388648e-03,-8.161491e-03,-5.002272e-03,-6.103844e-03
0,-4.048845e-02,9.020000e+00,-4.469165e-03,-7.930328e-03,-5.062938e-03,-6.029600e-03
0,-4.063915e-02,9.030000e+00,-4.547032e-03,-7.632433e-03,-5.122872e-03,-5.957642e-03
0,-4.066932e-02,9.040000e+00,-4.621611e-03,-7.273826e-03,-5.182097e-03,-5.887686e-03
0,-4.058428e-02,9.050000e+00,-4.692331e-03,-6.862046e-03,-5.240631e-03,-5.819376e-03
0,-4.039214e-02,9.060000e+00,-4.758704e-03,-6.405952e-03,-5.298489e-03,-5.752288e-03
0,-4.010357e-02,9.070000e+00,-4.820336e-03,-5.915489e-03,-5.355680e-03,-5.685947e-03
0,-3.973153e-02,9.080000e+00,-4.876935e-03,-5.401437e-03,-5.412208e-03,-5.619835e-03
0,-3.929095e-02,9.090000e+00,-4.928324e-03,-4.875124e-03,-5.468075e-03,-5.553410e-03
0,-3.879830e-02,9.100000e+00,-4.974436e-03,-4.348138e-03,-5.523274e-03,-5.486115e-03
0,-3.827117e-02,9.110000e+00,-5.015323e-03,-3.832029e-03,-5.577793e-03,-5.417395e-03
0,-3.772786e-02,9.120000e+00,-5.051150e-03,-3.338011e-03,-5.631615e-03,-5.346713e-03
0,-3.718683e-02,9.130000e+00,-5.082192e-03,-2.876675e-03,-5.684719e-03,-5.273562e-03
0,-3.666630e-02,9.140000e+00,-5.108825e-03,-2.457723e-03,-5.737077e-03,-5.197478e-03
0,-3.618373e-02,9.150000e+00,-5.131516e-03,-2.089719e-03,-5.788657e-03,-5.118056e-03
0,-3.575539e-02,9.160000e+00,-5.150813e-03,-1.779875e-03,-5.839425e-03,-5.034956e-03
0,-3.539596e-02,9.170000e+00,-5.167327e-03,-1.533867e-03,-5.889343e-03,-4.947913e-03
0,-3.511813e-02,9.180000e+00,-5.181717e-03,-1.355699e-03,-5.938370e-03,-4.856746e-03
0,-3.493232e-02,9.190000e+00,-5.194674e-03,-1.247603e-03,-5.986464e-03,-4.761361e-03
0,-3.484636e-02,9.200000e+00,-5.206904e-03,-1.209990e-03,-6.033583e-03,-4.661755e-03
0,-3.486536e-02,9.210000e+00,-5.219105e-03,-1.241444e-03,-6.079685e-03,-4.558013e-03
0,-3.499155e-02,9.220000e+00,-5.231953e-03,-1.338762e-03,-6.124730e-03,-4.450310e-03
0,-3.522422e-02,9.230000e+00,-5.246083e-03,-1.497049e-03,-6.168679e-03,-4.338904e-03
0,-3.555980e-02,9.240000e+00,-5.262075e-03,-1.709843e-03,-6.211497e-03,-4.224131e-03
0,-3.599191e-02,9.250000e+00,-5.280436e-03,-1.969291e-03,-6.253152e-03,-4.106394e-03
0,-3.651154e-02,9.260000e+00,-5.301587e-03,-2.266352e-03,-6.293617e-03,-3.986156e-03
0,-3.710733e-02,9.270000e+00,-5.325855e-03,-2.591033e-03,-6.332868e-03,-3.863928e-03
0,-3.776580e-02,9.280000e+00,-5.353464e-03,-2.932655e-03,-6.370890e-03,-3.740253e-03
0,-3.847176e-02,9.290000e+00,-5.384528e-03,-3.280121e-03,-6.407671e-03,-3.615695e-03
0,-3.920870e-02,9.300000e+00,-5.419048e-03,-3.622209e-03,-6.443203e-03,-3.490825e-03
0,-3.995918e-02,9.310000e+00,-5.456917e-03,-3.947859e-03,-6.477488e-03,-3.366206e-03
0,-4.070531e-02,9.320000e+00,-5.497915e-03,-4.246455e-03,-6.510530e-03,-3.242380e-03
0,-4.142921e-02,9.330000e+00,-5.541723e-03,-4.508101e-03,-6.542340e-03,-3.119850e-03
0,-4.211346e-02,9.340000e+00,-5.587924e-03,-4.723867e-03,-6.572933e-03,-2.999077e-03
0,-4.274156e-02,9.350000e+00,-5.636021e-03,-4.886022e-03,-6.602329e-03,-2.880458e-03
0,-4.329832e-02,9.360000e+00,-5.685445e-03,-4.988223e-03,-6.630550e-03,-2.764324e-03
0,-4.377028e-02,9.370000e+00,-5.735570e-03,-5.025679e-03,-6.657624e-03,-2.650929e-03
0,-4.414603e-02,9.380000e+00,-5.785732e-03,-4.995265e-03,-6.683579e-03,-2.540446e-03
0,-4.441652e-02,9.390000e+00,-5.835244e-03,-4.895601e-03,-6.708443e-03,-2.432960e-03
0,-4.457523e-02,9.400000e+00,-5.883414e-03,-4.727080e-03,-6.732248e-03,-2.328470e-03
0,-4.461840e-02,9.410000e+00,-5.929563e-03,-4.491852e-03,-6.755022e-03,-2.226889e-03
0,-4.454507e-02,9.420000e+00,-5.973041e-03,-4.193768e-03,-6.776795e-03,-2.128044e-03
0,-4.435710e-02,9.430000e+00,-6.013247e-03,-3.838268e-03,-6.797591e-03,-2.031686e-03
0,-4.405915e-02,9.440000e+00,-6.049638e-03,-3.432246e-03,-6.817436e-03,-1.937493e-03
0,-4.365849e-02,9.450000e+00,-6.081750e-03,-2.983861e-03,-6.836347e-03,-1.845081e-03
0,-4.316487e-02,9.460000e+00,-6.109205e-03,-2.502329e-03,-6.854342e-03,-1.754013e-03
0,-4.259022e-02,9.470000e+00,-6.131720e-03,-1.997680e-03,-6.871430e-03,-1.663815e-03
0,-4.194834e-02,9.480000e+00,-6.149117e-03,-1.480499e-03,-6.887619e-03,-1.573981e-03
0,-4.125455e-02,9.490000e+00,-6.161324e-03,-9.616566e-04,-6.902909e-03,-1.483995e-03
0,-4.052531e-02,9.500000e+00,-6.168381e-03,-4.520232e-04,-6.917297e-03,-1.393339e-03
0,-3.977776e-02,9.510000e+00,-6.170431e-03,3.780527e-05,-6.930772e-03,-1.301510e-03
0,-3.902928e-02,9.520000e+00,-6.167724e-03,4.977797e-04,-6.943322e-03,-1.208030e-03
0,-3.829707e-02,9.530000e+00,-6.160606e-03,9.186535e-04,-6.954926e-03,-1.112461e-03
0,-3.759771e-02,9.540000e+00,-6.149509e-03,1.292217e-03,-6.965563e-03,-1.014419e-03
0,-3.694668e-02,9.550000e+00,-6.134943e-03,1.611504e-03,-6.975205e-03,-9.135768e-04
0,-3.635806e-02,9.560000e+00,-6.117478e-03,1.870967e-03,-6.983824e-03,-8.096810e-04
0,-3.584408e-02,9.570000e+00,-6.097736e-03,2.066614e-03,-6.991388e-03,-7.025530e-04
0,-3.541487e-02,9.580000e+00,-6.076367e-03,2.196108e-03,-6.997864e-03,-5.920963e-04
0,-3.507819e-02,9.590000e+00,-6.054037e-03,2.258817e-03,-7.003219e-03,-4.782984e-04
0,-3.483925e-02,9.600000e+00,-6.031410e-03,2.255826e-03,-7.007419e-03,-3.612315e-04
0,-3.470057e-02,9.610000e+00,-6.009130e-03,2.189907e-03,-7.010433e-03,-2.410510e-04
0,-3.466191e-02,9.620000e+00,-5.987807e-03,2.065437e-03,-7.012230e-03,-1.179915e-04
0,-3.472033e-02,9.630000e+00,-5.967997e-03,1.888281e-03,-7.012784e-03,7.639005e-06
0,-3.487024e-02,9.640000e+00,-5.950193e-03,1.665640e-03,-7.012070e-03,1.354669e-04
0,-3.510356e-02,9.650000e+00,-5.934808e-03,1.405856e-03,-7.010069e-03,2.650620e-04
0,-3.540995e-02,9.660000e+00,-5.922169e-03,1.118198e-03,-7.006765e-03,3.959487e-04
0,-3.577707e-02,9.670000e+00,-5.912504e-03,8.126191e-04,-7.002147e-03,5.276174e-04
0,-3.619088e-02,9.680000e+00,-5.905942e-03,4.994978e-04,-6.996211e-03,6.595378e-04
0,-3.663608e-02,9.690000e+00,-5.902504e-03,1.893706e-04,-6.988957e-03,7.911716e-04
0,-3.709641e-02,9.700000e+00,-5.902109e-03,-1.073395e-04,-6.980391e-03,9.219862e-04
0,-3.755517e-02,9.710000e+00,-5.904573e-03,-3.805909e-04,-6.970522e-03,1.051468e-03
0,-3.799556e-02,9.720000e+00,-5.909612e-03,-6.209803e-04,-6.959367e-03,1.179135e-03
0,-3.840118e-02,9.730000e+00,-5.916854e-03,-8.199824e-04,-6.946947e-03,1.304548e-03
0,-3.875642e-02,9.740000e+00,-5.925848e-03,-9.701662e-04,-6.933285e-03,1.427322e-03
0,-3.904686e-02,9.750000e+00,-5.936074e-03,-1.065383e-03,-6.918410e-03,1.547136e-03
0,-3.925966e-02,9.760000e+00,-5.946957e-03,-1.100921e-03,-6.902353e-03,1.663738e-03
0,-3.938385e-02,9.770000e+00,-5.957883e-03,-1.073620e-03,-6.885147e-03,1.776955e-03
0,-3.941062e-02,9.780000e+00,-5.968215e-03,-9.819505e-04,-6.866826e-03,1.886694e-03
0,-3.933356e-02,9.790000e+00,-5.977308e-03,-8.260472e-04,-6.847425e-03,1.992941e-03
0,-3.914880e-02,9.800000e+00,-5.984527e-03,-6.076999e-04,-6.826978e-03,2.095769e-03
0,-3.885510e-02,9.810000e+00,-5.989265e-03,-3.303033e-04,-6.805520e-03,2.195325e-03
0,-3.845388e-02,9.820000e+00,-5.990953e-03,1.235062e-06,-6.783082e-03,2.291835e-03
0,-3.794918e-02,9.830000e+00,-5.989080e-03,3.806252e-04,-6.759693e-03,2.385589e-03
0,-3.734753e-02,9.840000e+00,-5.983206e-03,8.003604e-04,-6.735378e-03,2.476941e-03
0,-3.665782e-02,9.850000e+00,-5.972967e-03,1.251913e-03,-6.710161e-03,2.566293e-03
0,-3.589099e-02,9.860000e+00,-5.958092e-03,1.725958e-03,-6.684058e-03,2.654087e-03
0,-3.505983e-02,9.870000e+00,-5.938406e-03,2.212610e-03,-6.657082e-03,2.740793e-03
0,-3.417859e-02,9.880000e+00,-5.913832e-03,2.701686e-03,-6.629244e-03,2.826896e-03
0,-3.326263e-02,9.890000e+00,-5.884398e-03,3.182960e-03,-6.600545e-03,2.912883e-03
0,-3.232800e-02,9.900000e+00,-5.850232e-03,3.646429e-03,-6.570985e-03,2.999228e-03
0,-3.139108e-02,9.910000e+00,-5.811561e-03,4.082568e-03,-6.540558e-03,3.086385e-03
0,-3.046810e-02,9.920000e+00,-5.768701e-03,4.482575e-03,-6.509253e-03,3.174770e-03
0,-2.957477e-02,9.930000e+00,-5.722056e-03,4.838588e-03,-6.477057e-03,3.264755e-03
0,-2.872583e-02,9.940000e+00,-5.672099e-03,5.143892e-03,-6.443952e-03,3.356652e-03
0,-2.793476e-02,9.950000e+00,-5.619365e-03,5.393079e-03,-6.409917e-03,3.450712e-03
0,-2.721333e-02,9.960000e+00,-5.564438e-03,5.582189e-03,-6.374930e-03,3.547113e-03
0,-2.657139e-02,9.970000e+00,-5.507930e-03,5.708803e-03,-6.338966e-03,3.645958e-03
0,-2.601660e-02,9.980000e+00,-5.450473e-03,5.772101e-03,-6.302002e-03,3.747270e-03
0,-2.555423e-02,9.990000e+00,-5.392697e-03,5.772875e-03,-6.264013e-03,3.850995e-03
0,-2.518703e-02,10,-5.335216e-03,5.713509e-03,-6.224975e-03,3.956997e-03
0,-2.491519e-02,